date,matchup,side,type,risk,result,profit,odds,home_score,away_score,closing_line,closing_odds,captured_at,tip_at,void_reason
2026-02-19,BKN @ CLE,CLE -8.5,spread,50,W,45.45,,112,84,,,,2026-02-20T00:00:00+00:00,"REINSTATED (owner decision 2026-09-29): no pregame capture record; first logged NBAsim 585a05f0 at 2026-02-27T00:26:39+00:00, after tip 2026-02-20T00:00:00+00:00; graded W +45.45 before void"
2026-02-19,PHX @ SAS,SAS -12.5,spread,30,W,27.27,,121,94,,,,2026-02-20T01:30:00+00:00,"REINSTATED (owner decision 2026-09-29): no pregame capture record; first logged NBAsim 585a05f0 at 2026-02-27T00:26:39+00:00, after tip 2026-02-20T01:30:00+00:00; graded W +27.27 before void"
2026-02-20,DAL @ MIN,MIN -5.5,spread,50,W,45.45,,122,111,,,,2026-02-21T00:30:00+00:00,"REINSTATED (owner decision 2026-09-29): no pregame capture record; first logged NBAsim 585a05f0 at 2026-02-27T00:26:39+00:00, after tip 2026-02-21T00:30:00+00:00; graded W +45.45 before void"
2026-02-20,UTA @ MEM,MEM -3.5,spread,30,W,27.27,,123,114,,,,2026-02-21T00:00:00+00:00,"REINSTATED (owner decision 2026-09-29): no pregame capture record; first logged NBAsim 585a05f0 at 2026-02-27T00:26:39+00:00, after tip 2026-02-21T00:00:00+00:00; graded W +27.27 before void"
2026-02-21,HOU @ NYK,HOU +3.5,spread,30,W,27.27,,108,106,,,,2026-02-22T01:30:00+00:00,"REINSTATED (owner decision 2026-09-29): no pregame capture record; first logged NBAsim 051c17ba at 2026-03-08T18:18:27+00:00, after tip 2026-02-22T01:30:00+00:00; graded W +27.27 before void"
2026-02-21,PHI @ NOP,NOP -5.0,spread,40,W,36.36,,126,111,,,,2026-02-22T00:00:00+00:00,"REINSTATED (owner decision 2026-09-29): no pregame capture record; first logged NBAsim 585a05f0 at 2026-02-27T00:26:39+00:00, after tip 2026-02-22T00:00:00+00:00; graded W +36.36 before void"
2026-02-21,SAC @ SAS,SAS -12.5,spread,30,W,27.27,,139,122,,,,2026-02-22T01:00:00+00:00,"REINSTATED (owner decision 2026-09-29): no pregame capture record; first logged NBAsim 585a05f0 at 2026-02-27T00:26:39+00:00, after tip 2026-02-22T01:00:00+00:00; graded W +27.27 before void"
2026-02-22,BOS @ LAL,BOS -7.0,spread,50,W,45.45,,89,111,,,,2026-02-22T23:30:00+00:00,"REINSTATED (owner decision 2026-09-29): no pregame capture record; first logged NBAsim 585a05f0 at 2026-02-27T00:26:39+00:00, after tip 2026-02-22T23:30:00+00:00; graded W +45.45 before void"
2026-02-22,DEN @ GSW,GSW ML,ml,50,W,45.45,,128,117,,,,2026-02-22T20:30:00+00:00,"REINSTATED (owner decision 2026-09-29): no pregame capture record; first logged NBAsim 585a05f0 at 2026-02-27T00:26:39+00:00, after tip 2026-02-22T20:30:00+00:00; graded W +45.45 before void"
2026-02-22,ORL @ LAC,ORL +3.5,spread,50,W,45.45,,109,111,,,,2026-02-23T02:00:00+00:00,"REINSTATED (owner decision 2026-09-29): no pregame capture record; first logged NBAsim 585a05f0 at 2026-02-27T00:26:39+00:00, after tip 2026-02-23T02:00:00+00:00; graded W +45.45 before void"
2026-02-22,POR @ PHX,PHX ML,ml,50,L,-50,,77,92,,,,2026-02-23T01:00:00+00:00,"REINSTATED (owner decision 2026-09-29): no pregame capture record; first logged NBAsim 585a05f0 at 2026-02-27T00:26:39+00:00, after tip 2026-02-23T01:00:00+00:00; graded L -50.00 before void"
2026-02-23,SAC @ MEM,MEM -3.0,spread,20,L,-20,,114,123,,,,2026-02-24T01:00:00+00:00,"REINSTATED (owner decision 2026-09-29): no pregame capture record; first logged NBAsim 585a05f0 at 2026-02-27T00:26:39+00:00, after tip 2026-02-24T01:00:00+00:00; graded L -20.00 before void"
2026-02-23,UTA @ HOU,HOU -3.0,spread,20,W,18.18,,125,105,,,,2026-02-24T02:30:00+00:00,"REINSTATED (owner decision 2026-09-29): no pregame capture record; first logged NBAsim 585a05f0 at 2026-02-27T00:26:39+00:00, after tip 2026-02-24T02:30:00+00:00; graded W +18.18 before void"
2026-02-24,BOS @ PHX,BOS -5.5,spread,30,W,27.27,,81,97,,,,2026-02-25T02:00:00+00:00,"REINSTATED (owner decision 2026-09-29): no pregame capture record; first logged NBAsim 585a05f0 at 2026-02-27T00:26:39+00:00, after tip 2026-02-25T02:00:00+00:00; graded W +27.27 before void"
2026-02-24,ORL @ LAL,ORL +5.5,spread,50,W,45.45,,109,110,,,,2026-02-25T03:30:00+00:00,"REINSTATED (owner decision 2026-09-29): no pregame capture record; first logged NBAsim 585a05f0 at 2026-02-27T00:26:39+00:00, after tip 2026-02-25T03:30:00+00:00; graded W +45.45 before void"
2026-02-24,PHI @ IND,IND +9.5,spread,50,L,-50,,114,135,,,,2026-02-25T00:00:00+00:00,"REINSTATED (owner decision 2026-09-29): no pregame capture record; first logged NBAsim 585a05f0 at 2026-02-27T00:26:39+00:00, after tip 2026-02-25T00:00:00+00:00; graded L -50.00 before void"
2026-02-24,WAS @ ATL,WAS +12.5,spread,50,L,-50,,119,98,,,,2026-02-25T00:30:00+00:00,"REINSTATED (owner decision 2026-09-29): no pregame capture record; first logged NBAsim 585a05f0 at 2026-02-27T00:26:39+00:00, after tip 2026-02-25T00:30:00+00:00; graded L -50.00 before void"
2026-02-25,BOS @ DEN,BOS +4.5,spread,50,L,-50,,103,84,,,,2026-02-26T03:00:00+00:00,"REINSTATED (owner decision 2026-09-29): no pregame capture record; first logged NBAsim 585a05f0 at 2026-02-27T00:26:39+00:00, after tip 2026-02-26T03:00:00+00:00; graded L -50.00 before void"
2026-02-26,LAL @ PHX,LAL +3.5,spread,50,W,45.45,,113,110,,,,2026-02-27T02:00:00+00:00,"REINSTATED (owner decision 2026-09-29): no pregame capture record; first logged NBAsim 91c8a180 at 2026-03-08T04:54:31+00:00, after tip 2026-02-27T02:00:00+00:00; graded W +45.45 before void"
2026-02-27,MEM @ DAL,MEM +5.0,spread,30,W,27.27,,105,124,,,,2026-02-28T01:30:00+00:00,"REINSTATED (owner decision 2026-09-29): no pregame capture record; first logged NBAsim a3f66716 at 2026-03-05T01:08:48+00:00, after tip 2026-02-28T01:30:00+00:00; graded W +27.27 before void"
2026-02-27,NYK @ MIL,NYK -8.5,spread,50,W,45.45,,98,127,,,,2026-02-28T01:00:00+00:00,"REINSTATED (owner decision 2026-09-29): no pregame capture record; first logged NBAsim a3f66716 at 2026-03-05T01:08:48+00:00, after tip 2026-02-28T01:00:00+00:00; graded W +45.45 before void"
2026-02-28,HOU @ MIA,MIA +2.0,spread,50,W,45.45,,115,105,,,,2026-02-28T20:30:00+00:00,"REINSTATED (owner decision 2026-09-29): no pregame capture record; first logged NBAsim a3f66716 at 2026-03-05T01:08:48+00:00, after tip 2026-02-28T20:30:00+00:00; graded W +45.45 before void"
2026-02-28,LAL @ GSW,LAL -4.0,spread,50,W,45.45,,101,129,,,,2026-03-01T01:30:00+00:00,"REINSTATED (owner decision 2026-09-29): no pregame capture record; first logged NBAsim a3f66716 at 2026-03-05T01:08:48+00:00, after tip 2026-03-01T01:30:00+00:00; graded W +45.45 before void"
2026-02-28,NOP @ UTA,NOP -6.0,spread,30,W,27.27,,105,115,,,,2026-03-01T02:30:00+00:00,"REINSTATED (owner decision 2026-09-29): no pregame capture record; first logged NBAsim a3f66716 at 2026-03-05T01:08:48+00:00, after tip 2026-03-01T02:30:00+00:00; graded W +27.27 before void"
2026-03-01,CLE @ BKN,BKN +12.0,spread,30,W,27.27,,102,106,,,,2026-03-01T20:30:00+00:00,"REINSTATED (owner decision 2026-09-29): no pregame capture record; first logged NBAsim a3f66716 at 2026-03-05T01:08:48+00:00, after tip 2026-03-01T20:30:00+00:00; graded W +27.27 before void"
2026-03-01,MIL @ CHI,CHI +3.5,spread,50,W,45.45,,120,97,,,,2026-03-01T20:30:00+00:00,"REINSTATED (owner decision 2026-09-29): no pregame capture record; first logged NBAsim a3f66716 at 2026-03-05T01:08:48+00:00, after tip 2026-03-01T20:30:00+00:00; graded W +45.45 before void"
2026-03-01,MIN @ DEN,MIN ML,ml,50,W,65,+130,108,117,,,,2026-03-01T20:30:00+00:00,"REINSTATED (owner decision 2026-09-29): no pregame capture record; first logged NBAsim a3f66716 at 2026-03-05T01:08:48+00:00, after tip 2026-03-01T20:30:00+00:00; graded W +65.00 before void"
2026-03-01,NOP @ LAC,NOP +8.5,spread,30,L,-30,,137,117,,,,2026-03-02T02:00:00+00:00,"REINSTATED (owner decision 2026-09-29): no pregame capture record; first logged NBAsim a3f66716 at 2026-03-05T01:08:48+00:00, after tip 2026-03-02T02:00:00+00:00; graded L -30.00 before void"
2026-03-01,OKC @ DAL,DAL +15.5,spread,30,W,27.27,,87,100,,,,2026-03-02T01:00:00+00:00,"REINSTATED (owner decision 2026-09-29): no pregame capture record; first logged NBAsim a3f66716 at 2026-03-05T01:08:48+00:00, after tip 2026-03-02T01:00:00+00:00; graded W +27.27 before void"
2026-03-02,BOS @ MIL,BOS -7.0,spread,30,W,27.27,,81,108,,,2026-03-02T02:50:38.906012+00:00,2026-03-03T00:30:00+00:00,
2026-03-03,BKN @ MIA,BKN +12.5,spread,50,L,-50,,124,98,,,,2026-03-04T00:30:00+00:00,"REINSTATED (owner decision 2026-09-29): no pregame capture record; first logged NBAsim faf2c8e9 at 2026-03-04T18:09:10+00:00, after tip 2026-03-04T00:30:00+00:00; graded L -50.00 before void"
2026-03-03,DET @ CLE,DET -2.5,spread,50,L,-50,,113,109,,,,2026-03-04T00:00:00+00:00,"REINSTATED (owner decision 2026-09-29): no pregame capture record; first logged NBAsim faf2c8e9 at 2026-03-04T18:09:10+00:00, after tip 2026-03-04T00:00:00+00:00; graded L -50.00 before void"
2026-03-03,OKC @ CHI,CHI +9.5,spread,50,W,45.45,,108,116,,,,2026-03-04T01:00:00+00:00,"REINSTATED (owner decision 2026-09-29): no pregame capture record; first logged NBAsim faf2c8e9 at 2026-03-04T18:09:10+00:00, after tip 2026-03-04T01:00:00+00:00; graded W +45.45 before void"
2026-03-03,PHX @ SAC,PHX -9.5,spread,30,W,27.27,,103,114,,,,2026-03-04T04:00:00+00:00,"REINSTATED (owner decision 2026-09-29): no pregame capture record; first logged NBAsim faf2c8e9 at 2026-03-04T18:09:10+00:00, after tip 2026-03-04T04:00:00+00:00; graded W +27.27 before void"
2026-03-03,SAS @ PHI,SAS -7.5,spread,50,W,45.45,,91,131,,,,2026-03-04T01:00:00+00:00,"REINSTATED (owner decision 2026-09-29): no pregame capture record; first logged NBAsim faf2c8e9 at 2026-03-04T18:09:10+00:00, after tip 2026-03-04T01:00:00+00:00; graded W +45.45 before void"
2026-03-03,WAS @ ORL,WAS +16.0,spread,50,L,-50,,126,109,,,,2026-03-04T00:00:00+00:00,"REINSTATED (owner decision 2026-09-29): no pregame capture record; first logged NBAsim faf2c8e9 at 2026-03-04T18:09:10+00:00, after tip 2026-03-04T00:00:00+00:00; graded L -50.00 before void"
2026-03-04,ATL @ MIL,ATL ML,ml,30,W,39,+130,113,131,,,,2026-03-05T02:30:00+00:00,"REINSTATED (owner decision 2026-09-29): no pregame capture record; first logged NBAsim f3f89a66 at 2026-03-05T18:43:10+00:00, after tip 2026-03-05T02:30:00+00:00; graded W +39.00 before void"
2026-03-04,CHA @ BOS,CHA +7.0,spread,50,W,45.45,,89,118,,,2026-03-04T08:14:30.955521+00:00,2026-03-05T00:30:00+00:00,
2026-03-04,IND @ LAC,IND +12.0,spread,50,L,-50.0,,130,107,,,2026-03-04T08:14:30.955521+00:00,2026-03-05T03:30:00+00:00,
2026-03-04,UTA @ PHI,UTA +9.5,spread,20,W,18.18,,106,102,,,2026-03-04T08:14:30.955521+00:00,2026-03-05T00:30:00+00:00,
2026-03-05,CHI @ PHX,CHI +10.5,spread,30,W,27.27,,103,105,,,2026-03-05T19:49:09.392833+00:00,2026-03-06T02:00:00+00:00,
2026-03-05,DET @ SAS,DET ML,ml,50,L,-50.0,,121,106,,,2026-03-05T19:49:09.392833+00:00,2026-03-06T01:00:00+00:00,
2026-03-05,GSW @ HOU,HOU -8.5,spread,50,L,-50.0,,113,115,,,2026-03-05T19:49:09.392833+00:00,2026-03-06T00:30:00+00:00,
2026-03-05,LAL @ DEN,LAL ML,ml,30,L,-30.0,,120,113,,,2026-03-05T19:49:09.392833+00:00,2026-03-06T03:00:00+00:00,
2026-03-05,NOP @ SAC,NOP -6.0,spread,30,W,27.27,,123,133,,,2026-03-05T19:49:09.392833+00:00,2026-03-06T03:00:00+00:00,
2026-03-06,LAC @ SAS,SAS -8.0,spread,30,L,-30.0,,116,112,,,2026-03-06T17:59:45.985266+00:00,2026-03-07T02:30:00+00:00,
2026-03-06,MIA @ CHA,MIA +8.5,spread,50,W,45.45,,120,128,,,2026-03-06T17:59:45.985266+00:00,2026-03-07T00:00:00+00:00,
2026-03-06,NOP @ PHX,NOP +7.5,spread,50,W,45.45,,118,116,,,2026-03-06T17:59:45.985266+00:00,2026-03-07T02:00:00+00:00,
2026-03-07,GSW @ OKC,GSW +15.0,spread,50,W,45.45,,104,97,,,2026-03-07T17:46:31.771200+00:00,2026-03-08T01:30:00+00:00,
2026-03-07,LAC @ MEM,MEM +6.5,spread,50,W,45.45,,120,123,,,,2026-03-08T01:00:00+00:00,"REINSTATED (owner decision 2026-09-29): no pregame capture record; first logged NBAsim a1067a26 at 2026-03-08T06:13:22+00:00, after tip 2026-03-08T01:00:00+00:00; graded W +45.45 before void"
2026-03-08,BOS @ CLE,BOS -0.5,spread,50,W,45.45,,98,109,,,,2026-03-08T17:00:00+00:00,"REINSTATED (owner decision 2026-09-29): no pregame capture record; first logged NBAsim f5de0ec1 at 2026-03-08T19:46:24+00:00, after tip 2026-03-08T17:00:00+00:00; graded W +45.45 before void"
2026-03-08,CHI @ SAC,CHI -2.5,spread,50,L,-50.0,,126,110,,,2026-03-08T18:41:29.977450+00:00,2026-03-09T01:00:00+00:00,
2026-03-08,IND @ POR,IND +8.5,spread,50,L,-50.0,,131,111,,,2026-03-08T18:41:29.977450+00:00,2026-03-09T01:00:00+00:00,
2026-03-09,DEN @ OKC,DEN ML,ml,50,L,-50.0,,129,126,,,2026-03-09T19:05:25.389278+00:00,2026-03-09T23:30:00+00:00,
2026-03-09,GSW @ UTA,UTA +7.0,spread,50,W,45.45,,119,116,,,2026-03-09T19:05:25.389278+00:00,2026-03-10T01:00:00+00:00,
2026-03-09,NYK @ LAC,NYK -2.5,spread,50,L,-50.0,,126,118,,,2026-03-09T17:43:22.820257+00:00,2026-03-10T02:00:00+00:00,
2026-03-10,BOS @ SAS,BOS ML,ml,30,L,-30.0,,125,116,,,2026-03-10T08:03:07.303806+00:00,2026-03-11T00:00:00+00:00,
2026-03-10,CHI @ GSW,CHI ML,ml,50,W,45.45,,124,130,,,2026-03-10T08:03:07.303806+00:00,2026-03-11T02:00:00+00:00,
2026-03-10,CHI @ GSW,CHI +6.5,spread,30,W,27.27,,124,130,,,2026-03-10T14:16:44.990358+00:00,2026-03-11T02:00:00+00:00,
2026-03-10,DAL @ ATL,DAL +9.0,spread,30,L,-30.0,,124,112,,,2026-03-10T08:03:07.303806+00:00,2026-03-10T23:30:00+00:00,
2026-03-10,IND @ SAC,IND ML,ml,50,L,-50.0,,114,109,,,2026-03-10T08:03:07.303806+00:00,2026-03-11T02:00:00+00:00,
2026-03-10,MEM @ PHI,MEM ML,ml,50,L,-50.0,,139,129,,,2026-03-10T14:16:44.990358+00:00,2026-03-10T23:00:00+00:00,
2026-03-10,PHX @ MIL,PHX ML,ml,30,W,27.27,,114,129,,,2026-03-10T17:00:40.928219+00:00,2026-03-11T00:00:00+00:00,
2026-03-10,PHX @ MIL,PHX -1.5,spread,50,W,45.45,,114,129,,,2026-03-10T20:26:26.671924+00:00,2026-03-11T00:00:00+00:00,
2026-03-11,HOU @ DEN,HOU ML,ml,50,L,-50.0,,129,93,,,2026-03-11T08:04:03.190420+00:00,2026-03-12T02:00:00+00:00,
2026-03-11,MIN @ LAC,MIN ML,ml,50,L,-50.0,,153,128,,,2026-03-11T08:04:03.190420+00:00,2026-03-12T02:30:00+00:00,
2026-03-12,BOS @ OKC,BOS +6.5,spread,50,W,45.45,,104,102,,,2026-03-12T08:05:27.588398+00:00,2026-03-13T01:30:00+00:00,
2026-03-12,CHI @ LAL,CHI +11.5,spread,30,L,-30.0,,142,130,,,2026-03-12T23:16:29.772608+00:00,2026-03-13T02:30:00+00:00,
2026-03-12,DAL @ MEM,MEM ML,ml,50,L,-50.0,,112,120,,,2026-03-12T08:05:27.588398+00:00,2026-03-13T00:00:00+00:00,
2026-03-12,DEN @ SAS,SAS -5.5,spread,50,L,-50.0,,131,136,,,2026-03-12T08:05:27.588398+00:00,2026-03-13T01:00:00+00:00,
2026-03-13,CHI @ LAC,CHI +12.5,spread,30,W,27.27,,119,108,,,2026-03-13T08:05:27.734452+00:00,2026-03-14T02:30:00+00:00,
2026-03-13,CLE @ DAL,DAL +13.0,spread,30,L,-30.0,,105,138,,,2026-03-13T08:05:27.734452+00:00,2026-03-13T23:30:00+00:00,
2026-03-13,MEM @ DET,DET -15.5,spread,50,W,45.45,,126,110,,,2026-03-13T08:05:27.734452+00:00,2026-03-13T23:30:00+00:00,
2026-03-13,NYK @ IND,NYK -13.5,spread,50,L,-50.0,,92,101,,,2026-03-13T08:05:27.734452+00:00,2026-03-13T23:30:00+00:00,
2026-03-13,PHX @ TOR,PHX +4.5,spread,30,L,-30.0,,122,115,,,2026-03-13T14:15:37.317916+00:00,2026-03-13T23:30:00+00:00,
2026-03-13,UTA @ POR,UTA +15.5,spread,30,W,27.27,,124,114,,,2026-03-13T18:56:51.126072+00:00,2026-03-14T02:00:00+00:00,
2026-03-14,BKN @ PHI,BKN +8.5,spread,50,W,45.45,,104,97,,,2026-03-14T07:57:52.272323+00:00,2026-03-14T17:00:00+00:00,
2026-03-14,DEN @ LAL,LAL +2.5,spread,50,W,45.45,,127,125,,,2026-03-14T07:57:52.272323+00:00,2026-03-15T00:30:00+00:00,
2026-03-15,DAL @ CLE,DAL +16.5,spread,50,W,45.45,,120,130,,,2026-03-15T08:03:00.694899+00:00,2026-03-15T19:30:00+00:00,
2026-03-15,GSW @ NYK,NYK -13.5,spread,30,L,-30.0,,110,107,,,2026-03-15T08:03:00.694899+00:00,2026-03-16T00:00:00+00:00,
2026-03-15,IND @ MIL,IND +7.5,spread,50,L,-50.0,,134,123,,,2026-03-15T08:03:00.694899+00:00,2026-03-15T19:30:00+00:00,
2026-03-15,UTA @ SAC,SAC -1.5,spread,30,W,27.27,,116,111,,,2026-03-15T08:03:00.694899+00:00,2026-03-16T02:00:00+00:00,
2026-03-16,SAS @ LAC,LAC +9.5,spread,30,W,27.27,,115,119,,,2026-03-16T08:41:15.937632+00:00,2026-03-17T02:00:00+00:00,
2026-03-17,CLE @ MIL,MIL +10.0,spread,30,W,27.27,,116,123,,,2026-03-17T08:10:30.190883+00:00,2026-03-18T00:00:00+00:00,
2026-03-17,MIA @ CHA,MIA +3.5,spread,30,L,-30.0,,136,106,,,2026-03-17T08:10:30.190883+00:00,2026-03-17T23:00:00+00:00,
2026-03-17,PHX @ MIN,PHX +4.0,spread,30,L,-30.0,,116,104,,,2026-03-17T08:10:30.190883+00:00,2026-03-18T00:00:00+00:00,
2026-03-18,DEN @ MEM,MEM +13.0,spread,30,W,27.27,,125,118,,,2026-03-18T19:14:19.028261+00:00,2026-03-19T00:30:00+00:00,
2026-03-19,CLE @ CHI,CHI +13.0,spread,50,W,45.45,,110,115,,,2026-03-19T08:05:59.509647+00:00,2026-03-20T00:00:00+00:00,
2026-03-19,DET @ WAS,DET -14.0,spread,30,W,27.27,,95,117,,,2026-03-19T16:45:33.962406+00:00,2026-03-19T23:00:00+00:00,
2026-03-19,LAL @ MIA,LAL +6.0,spread,50,W,45.45,,126,134,,,2026-03-19T19:10:50.592827+00:00,2026-03-20T00:00:00+00:00,
2026-03-20,ATL @ HOU,ATL +4.0,spread,50,L,-50.0,,117,95,,,2026-03-20T08:04:37.615135+00:00,2026-03-21T00:00:00+00:00,
2026-03-20,GSW @ DET,DET -6.5,spread,50,W,45.45,,115,101,,,2026-03-20T08:04:37.615135+00:00,2026-03-20T23:30:00+00:00,
2026-03-20,TOR @ DEN,TOR +7.0,spread,50,W,45.45,,121,115,,,2026-03-20T08:04:37.615135+00:00,2026-03-21T01:00:00+00:00,
2026-03-21,MIL @ PHX,MIL +11.5,spread,30,W,27.27,,105,108,,,2026-03-21T07:55:18.293174+00:00,2026-03-22T02:00:00+00:00,
2026-03-22,BKN @ SAC,BKN +4.5,spread,30,W,27.27,,126,122,,,2026-03-22T07:58:56.168771+00:00,2026-03-22T22:00:00+00:00,
2026-03-22,POR @ DEN,POR +9.0,spread,30,L,-30.0,,128,112,,,2026-03-22T07:58:56.168771+00:00,2026-03-22T21:00:00+00:00,
2026-03-22,TOR @ PHX,TOR -2.0,spread,30,L,-30.0,,120,98,,,2026-03-22T07:58:56.168771+00:00,2026-03-23T01:00:00+00:00,
2026-03-23,BKN @ POR,BKN +14.5,spread,30,L,-30.0,,134,99,,,2026-03-23T08:16:22.429902+00:00,2026-03-24T02:00:00+00:00,
2026-03-23,IND @ ORL,IND +13.0,spread,30,W,27.27,,126,128,,,2026-03-23T08:16:22.429902+00:00,2026-03-23T23:00:00+00:00,
2026-03-23,LAL @ DET,DET +2.5,spread,50,W,45.45,,113,110,,,2026-03-23T08:16:22.429902+00:00,2026-03-23T23:00:00+00:00,
2026-03-23,MIL @ LAC,MIL +13.5,spread,50,L,-50.0,,129,96,,,2026-03-23T08:16:22.429902+00:00,2026-03-24T02:30:00+00:00,
2026-03-24,DEN @ PHX,PHX +5.0,spread,30,W,27.27,,123,125,,,2026-03-24T08:11:06.687802+00:00,2026-03-25T03:00:00+00:00,
2026-03-25,BKN @ GSW,BKN +12.5,spread,30,W,27.27,,109,106,,,2026-03-25T16:53:46.632456+00:00,2026-03-26T02:00:00+00:00,
2026-03-25,CHI @ PHI,CHI +6.5,spread,50,L,-50.0,,157,137,,,2026-03-25T08:09:52.466560+00:00,2026-03-25T23:00:00+00:00,
2026-03-25,DAL @ DEN,DAL +13.5,spread,30,W,27.27,,142,135,,,2026-03-25T08:09:52.466560+00:00,2026-03-26T02:00:00+00:00,
2026-03-25,SAS @ MEM,SAS -16.5,spread,50,W,45.45,,98,123,,,2026-03-25T08:09:52.466560+00:00,2026-03-26T00:00:00+00:00,
2026-03-25,TOR @ LAC,TOR +4.0,spread,50,L,-50.0,,119,94,,,2026-03-25T08:09:52.466560+00:00,2026-03-26T02:30:00+00:00,
2026-03-26,SAC @ ORL,SAC +15.5,spread,30,W,27.27,,121,117,,,2026-03-26T08:19:00.944944+00:00,2026-03-26T23:00:00+00:00,
2026-03-27,HOU @ MEM,HOU -12.5,spread,50,L,-50.0,,109,119,,,2026-03-27T08:16:09.750980+00:00,2026-03-28T00:00:00+00:00,
2026-03-27,MIA @ CLE,MIA +5.0,spread,50,L,-50.0,,149,128,,,2026-03-27T08:16:09.750980+00:00,2026-03-27T23:30:00+00:00,
2026-03-27,NOP @ TOR,NOP +8.5,spread,50,L,-50.0,,119,106,,,2026-03-27T08:16:09.750980+00:00,2026-03-28T00:30:00+00:00,
2026-03-27,WAS @ GSW,WAS +14.0,spread,50,W,45.45,,131,126,,,2026-03-27T08:16:09.750980+00:00,2026-03-28T02:00:00+00:00,
2026-03-28,DET @ MIN,DET +2.0,spread,50,W,45.45,,87,109,,,2026-03-28T08:06:46.076610+00:00,2026-03-28T21:30:00+00:00,
2026-03-28,SAC @ ATL,SAC +14.5,spread,30,W,27.27,,123,113,,,2026-03-28T18:58:22.841682+00:00,2026-03-28T23:30:00+00:00,
2026-03-28,SAS @ MIL,SAS -17.5,spread,30,W,27.27,,95,127,,,2026-03-28T18:58:22.841682+00:00,2026-03-28T19:00:00+00:00,
2026-03-28,UTA @ PHX,UTA +16.5,spread,30,L,-30.0,,134,109,,,2026-03-28T08:06:46.076610+00:00,2026-03-29T02:00:00+00:00,
2026-03-29,LAC @ MIL,MIL +14.0,spread,50,P,0.0,,113,127,,,2026-03-29T08:09:06.377025+00:00,2026-03-29T19:30:00+00:00,
2026-03-29,WAS @ POR,WAS +15.5,spread,50,L,-50.0,,123,88,,,2026-03-29T08:09:06.377025+00:00,2026-03-29T22:00:00+00:00,
2026-03-30,BOS @ ATL,BOS +1.0,spread,50,L,-50.0,,112,102,,,2026-03-30T09:01:21.524269+00:00,2026-03-30T23:30:00+00:00,
2026-03-30,DET @ OKC,DET +13.5,spread,50,W,45.45,,114,110,,,2026-03-30T09:01:21.524269+00:00,2026-03-31T01:30:00+00:00,
2026-03-31,DAL @ MIL,DAL +0.5,spread,30,L,-30.0,,123,99,,,2026-03-31T08:44:09.118826+00:00,2026-04-01T00:00:00+00:00,
2026-03-31,PHX @ ORL,PHX +2.0,spread,50,L,-50.0,,115,111,,,2026-03-31T08:44:09.118826+00:00,2026-03-31T23:00:00+00:00,
2026-04-01,MIL @ HOU,MIL +17.0,spread,30,W,27.27,,119,113,,,2026-04-01T08:52:05.931414+00:00,2026-04-02T00:00:00+00:00,
2026-04-01,SAC @ TOR,TOR -13.0,spread,30,L,-30.0,,115,123,,,2026-04-01T16:57:35.016489+00:00,2026-04-02T00:00:00+00:00,
2026-04-01,SAS @ GSW,SAS -13.0,spread,50,W,45.45,,113,127,,,2026-04-01T08:52:05.931414+00:00,2026-04-02T02:00:00+00:00,
2026-04-02,CLE @ GSW,GSW +10.5,spread,50,W,45.45,,111,118,,,2026-04-02T08:41:05.346188+00:00,2026-04-03T02:00Z,
2026-04-02,PHX @ CHA,PHX +6.0,spread,30,L,-30.00,,127,107,,,2026-04-02T19:11:37.336997+00:00,2026-04-02T23:00Z,
2026-04-02,SAS @ LAC,SAS -4.0,spread,50,W,45.45,,99,118,,,2026-04-02T08:41:05.346188+00:00,2026-04-03T02:30Z,
2026-04-03,ATL @ BKN,BKN +17.0,spread,30,L,-30.00,,107,141,,,2026-04-03T16:42:24.251662+00:00,2026-04-03T23:30Z,
2026-04-03,IND @ CHA,IND +15.5,spread,30,L,-30.00,,129,108,,,2026-04-03T08:18:41.680531+00:00,2026-04-03T23:00Z,
2026-04-03,MIN @ PHI,MIN +4.5,spread,30,L,-30.00,,115,103,,,2026-04-03T19:04:04.223677+00:00,2026-04-03T23:00Z,
2026-04-03,UTA @ HOU,HOU -17.0,spread,50,W,45.45,,140,106,,,2026-04-03T08:18:41.680531+00:00,2026-04-04T00:00Z,
2026-04-04,WAS @ MIA,WAS +17.0,spread,30,W,27.27,,152,136,,,2026-04-04T08:08:42.688544+00:00,2026-04-04T19:00Z,
2026-04-05,HOU @ GSW,HOU -4.0,spread,50,L,-50.00,,116,117,,,2026-04-05T08:11:38.188596+00:00,2026-04-06T02:00Z,
2026-04-05,IND @ CLE,IND +16.5,spread,50,W,45.45,,117,108,,,2026-04-05T08:11:38.188596+00:00,2026-04-05T22:00Z,
2026-04-05,LAC @ SAC,SAC +13.0,spread,30,L,-30.00,,109,138,,,2026-04-05T16:38:59.246124+00:00,2026-04-06T01:00Z,
2026-04-05,LAL @ DAL,LAL -1.5,spread,30,L,-30.00,,134,128,,,2026-04-05T14:12:25.137274+00:00,2026-04-05T23:30Z,
2026-04-05,UTA @ OKC,OKC -22.5,spread,50,W,45.45,,146,111,,,2026-04-05T08:11:38.188596+00:00,2026-04-05T23:00Z,
2026-04-06,CLE @ MEM,MEM +13.5,spread,30,L,-30.00,,126,142,,,2026-04-06T08:58:59.686723+00:00,2026-04-07T00:00Z,
2026-04-06,DET @ ORL,DET -1.5,spread,50,L,-50.00,,123,107,,,2026-04-06T19:17:24.184066+00:00,2026-04-06T23:00Z,
2026-04-06,NYK @ ATL,NYK +1.5,spread,30,W,27.27,,105,108,,,2026-04-06T08:58:59.686723+00:00,2026-04-06T23:00Z,
2026-04-06,POR @ DEN,POR +8.5,spread,30,W,27.27,,137,132,,,2026-04-06T08:58:59.686723+00:00,2026-04-07T01:00Z,
2026-04-07,CHI @ WAS,WAS +6.0,spread,50,L,-50.00,,98,129,,,2026-04-07T08:49:29.055879+00:00,2026-04-07T23:00Z,
2026-04-07,DAL @ LAC,DAL +11.5,spread,50,L,-50.00,,116,103,,,2026-04-07T08:49:29.055879+00:00,2026-04-08T02:30Z,
2026-04-07,HOU @ PHX,HOU +0.5,spread,30,W,27.27,,105,119,,,2026-04-07T08:49:29.055879+00:00,2026-04-08T03:00Z,
2026-04-07,MIN @ IND,IND +12.5,spread,50,L,-50.00,,104,124,,,2026-04-07T08:49:29.055879+00:00,2026-04-07T23:00Z,
2026-04-07,OKC @ LAL,LAL +16.5,spread,30,L,-30.00,,87,123,,,2026-04-07T08:49:29.055879+00:00,2026-04-08T02:30Z,
2026-04-07,SAC @ GSW,SAC +15.5,spread,50,W,45.45,,110,105,,,2026-04-07T08:49:29.055879+00:00,2026-04-08T02:00Z,
2026-04-08,MIL @ DET,MIL +18.5,spread,30,L,-30.00,,137,111,,,2026-04-08T08:47:34.095710+00:00,2026-04-08T23:00Z,
2026-04-08,MIN @ ORL,MIN +6.0,spread,50,L,-50.00,,132,120,,,2026-04-08T08:47:34.095710+00:00,2026-04-08T23:00Z,
2026-04-08,OKC @ LAC,OKC -7.0,spread,50,W,45.45,,110,128,,,2026-04-08T08:47:34.095710+00:00,2026-04-09T02:00Z,
2026-04-08,POR @ SAS,SAS -3.5,spread,50,W,45.45,,112,101,,,2026-04-08T08:47:34.095710+00:00,2026-04-09T01:30Z,
2026-04-09,BOS @ NYK,BOS +4.5,spread,50,L,-50.00,,112,106,,,2026-04-09T08:58:21.965647+00:00,2026-04-09T23:30Z,
2026-04-09,LAL @ GSW,LAL +4.5,spread,30,W,27.27,,103,119,,,2026-04-09T08:58:21.965647+00:00,2026-04-10T02:00Z,
2026-04-09,PHI @ HOU,HOU -3.5,spread,30,W,27.27,,113,102,,,2026-04-09T08:58:21.965647+00:00,2026-04-10T00:00Z,
2026-04-10,BKN @ MIL,BKN +9.5,spread,50,L,-50.00,,125,108,,,2026-04-10T08:59:22.555059+00:00,2026-04-11T00:00Z,
2026-04-10,CLE @ ATL,CLE +8.0,spread,50,L,-50.00,,124,102,,,2026-04-10T08:59:22.555059+00:00,2026-04-10T23:00Z,
2026-04-10,DET @ CHA,DET +4.0,spread,50,W,45.45,,100,118,,,2026-04-10T08:59:22.555059+00:00,2026-04-10T23:00Z,
2026-04-10,MEM @ UTA,MEM +4.0,spread,30,L,-30.00,,147,101,,,2026-04-10T08:59:22.555059+00:00,2026-04-11T01:30Z,
2026-04-10,MIA @ WAS,WAS +18.5,spread,50,L,-50.00,,117,140,,,2026-04-10T08:59:22.555059+00:00,2026-04-10T23:00Z,
2026-04-10,MIN @ HOU,MIN +10.5,spread,50,W,45.45,,132,136,,,2026-04-10T08:59:22.555059+00:00,2026-04-11T01:30Z,
2026-04-10,NOP @ BOS,BOS -17.0,spread,30,W,27.27,,144,118,,,2026-04-10T16:57:02.176365+00:00,2026-04-10T23:30Z,
2026-04-10,ORL @ CHI,CHI +14.5,spread,50,L,-50.00,,103,127,,,2026-04-10T08:59:22.555059+00:00,2026-04-11T00:00Z,
2026-04-10,PHI @ IND,IND +15.0,spread,50,W,45.45,,94,105,,,2026-04-10T08:59:22.555059+00:00,2026-04-10T23:30Z,
2026-04-10,TOR @ NYK,TOR +6.5,spread,30,L,-30.00,,112,95,,,2026-04-10T08:59:22.555059+00:00,2026-04-10T23:30Z,
2026-04-12,ATL @ MIA,ATL +4.5,spread,30,L,-30.00,,143,117,,,2026-04-12T14:15:56.713768+00:00,2026-04-12T22:00Z,
2026-04-12,BKN @ TOR,BKN +22.0,spread,30,L,-30.00,,136,101,,,2026-04-12T08:18:48.856429+00:00,2026-04-12T22:00Z,
2026-04-12,CHA @ NYK,NYK +13.0,spread,50,L,-50.00,,96,110,,,2026-04-12T08:18:48.856429+00:00,2026-04-12T22:00Z,
2026-04-12,GSW @ LAC,GSW +6.5,spread,30,W,27.27,,115,110,,,2026-04-12T14:15:56.713768+00:00,2026-04-13T00:30Z,
2026-04-12,MIL @ PHI,MIL +15.5,spread,50,L,-50.00,,126,106,,,2026-04-12T08:18:48.856429+00:00,2026-04-12T22:00Z,
2026-04-12,NOP @ MIN,NOP +6.5,spread,50,W,45.45,,132,126,,,2026-04-12T08:18:48.856429+00:00,2026-04-13T00:30Z,
2026-04-12,ORL @ BOS,BOS +12.0,spread,50,W,45.45,,113,108,,,2026-04-12T08:18:48.856429+00:00,2026-04-12T22:00Z,
2026-04-12,PHX @ OKC,PHX +5.5,spread,50,W,45.45,,103,135,,,2026-04-12T08:18:48.856429+00:00,2026-04-13T00:30Z,
2026-04-12,UTA @ LAL,LAL -13.5,spread,30,W,27.27,,131,107,,,2026-04-12T16:40:52.904028+00:00,2026-04-13T00:30Z,
2026-04-14,MIA @ CHA,MIA +5.5,spread,50,W,45.45,,127,126,,,2026-04-14T09:06:25.910283+00:00,2026-04-14T23:30Z,
2026-04-15,ORL @ PHI,ORL +2.0,spread,50,L,-50.00,,109,97,,,2026-04-15T09:06:46.808549+00:00,2026-04-15T23:30Z,
2026-04-17,CHA @ ORL,ORL +3.5,spread,30,W,27.27,,121,90,,,2026-04-17T09:06:33.884931+00:00,2026-04-17T23:30Z,
2026-04-18,MIN @ DEN,MIN +6.5,spread,30,L,-30.00,,116,105,,,2026-04-18T08:15:23.795987+00:00,2026-04-18T19:30Z,
2026-04-18,TOR @ CLE,TOR +8.5,spread,50,L,-50.00,,126,113,,,2026-04-18T08:15:23.795987+00:00,2026-04-18T17:00Z,
2026-04-19,PHX @ OKC,PHX +14.0,spread,50,L,-50.00,,119,84,,,2026-04-19T08:23:50.681119+00:00,2026-04-19T19:30Z,
2026-04-19,POR @ SAS,POR +11.0,spread,30,L,-30.00,,111,98,,,2026-04-19T08:23:50.681119+00:00,2026-04-20T01:00Z,
2026-04-20,MIN @ DEN,MIN +6.5,spread,30,W,27.27,,114,119,,,2026-04-20T09:30:50.723201+00:00,2026-04-21T02:30Z,
2026-04-20,TOR @ CLE,TOR +8.5,spread,50,L,-50.00,,115,105,,,2026-04-20T09:30:50.723201+00:00,2026-04-20T23:00Z,
2026-04-22,ORL @ DET,ORL +8.5,spread,30,L,-30.00,,98,83,,,2026-04-22T09:09:02.998758+00:00,2026-04-22T23:00Z,
2026-04-22,PHX @ OKC,PHX +17.5,spread,50,W,45.45,,120,107,,,2026-04-22T09:09:02.998758+00:00,2026-04-23T01:30Z,
2026-04-23,NYK @ ATL,NYK -1.0,spread,50,L,-50.00,,109,108,,,2026-04-23T09:17:44.533211+00:00,2026-04-23T23:00Z,
2026-04-24,LAL @ HOU,LAL +9.0,spread,50,W,45.45,,108,112,,,2026-04-24T09:22:31.579424+00:00,2026-04-25T00:00Z,
2026-04-24,SAS @ POR,SAS -2.5,spread,30,W,27.27,,108,120,,,2026-04-24T09:22:31.579424+00:00,2026-04-25T02:30Z,
2026-04-25,DEN @ MIN,MIN +1.5,spread,50,W,45.45,,112,96,,,2026-04-25T08:22:15.121703+00:00,2026-04-26T00:30Z,
2026-04-25,NYK @ ATL,NYK -1.5,spread,30,W,27.27,,98,114,,,2026-04-25T08:22:15.121703+00:00,2026-04-25T22:00Z,
2026-04-27,MIN @ DEN,MIN +10.5,spread,50,L,-50.00,,125,113,,,2026-04-27T09:42:25.429619+00:00,2026-04-28T02:30Z,
2026-04-29,HOU @ LAL,HOU +4.5,spread,50,W,45.45,,93,99,,,2026-04-29T09:38:48.410645+00:00,2026-04-30T02:00Z,
2026-04-29,ORL @ DET,ORL +10.0,spread,50,W,45.45,,116,109,,,2026-04-29T09:38:48.410645+00:00,2026-04-29T23:00Z,
2026-04-29,TOR @ CLE,TOR +8.5,spread,50,W,45.45,,125,120,,,2026-04-29T09:38:48.410645+00:00,2026-04-29T23:30Z,
2026-04-30,DEN @ MIN,MIN +5.5,spread,50,W,45.45,,110,98,,,2026-04-30T09:40:03.592382+00:00,2026-05-01T01:30Z,
2026-04-30,NYK @ ATL,NYK -2.5,spread,50,W,45.45,,89,140,,,2026-04-30T09:40:03.592382+00:00,2026-04-30T23:00Z,
2026-05-03,TOR @ CLE,TOR +8.0,spread,50,L,-50.00,,114,102,,,2026-05-03T09:08:03.069911+00:00,2026-05-03T23:30Z,
2026-05-04,MIN @ SA,MIN +11.0,spread,50,W,45.45,,102,104,,,,2026-05-05T01:30:00+00:00,"REINSTATED (owner decision 2026-09-29): added after the game (6b93f422, 2026-05-05T17:00:51Z; tip 2026-05-05T01:30Z); no capture record at +11.0 (model's pregame outputs read MIN +13.0 and MIN +9.0); graded W +45.45 before void"
2026-05-05,LAL @ OKC,LAL +15.5,spread,30,L,-30.00,,108,90,,,2026-05-05T09:33:25.759731+00:00,2026-05-06T00:30Z,
2026-05-06,MIN @ SAS,MIN +10.5,spread,50,L,-50.0,,133,95,,,2026-05-06T17:38:04.024328+00:00,2026-05-07T01:30:00+00:00,
2026-05-08,NYK @ PHI,NYK +1.5,spread,50,W,45.45,,94,108,,,2026-05-08T09:04:53.446825+00:00,2026-05-08T23:00:00+00:00,
2026-05-09,DET @ CLE,DET +4.5,spread,50,L,-50.0,,116,109,,,2026-05-09T09:07:52.979225+00:00,2026-05-09T19:00:00+00:00,
2026-05-09,OKC @ LAL,OKC -8.5,spread,50,W,45.45,,108,131,,,2026-05-09T09:07:52.979225+00:00,2026-05-10T00:30:00+00:00,
2026-05-10,NYK @ PHI,NYK -1.5,spread,50,W,45.45,,114,144,,,2026-05-10T09:21:55.983527+00:00,2026-05-10T19:30:00+00:00,
2026-05-11,DET @ CLE,DET +3.5,spread,50,L,-50.0,,112,103,,,2026-05-11T10:55:32.780168+00:00,2026-05-12T00:00:00+00:00,
2026-05-11,OKC @ LAL,OKC -11.0,spread,50,L,-50.0,,110,115,,,2026-05-11T10:55:32.780168+00:00,2026-05-12T02:30:00+00:00,
2026-05-15,DET @ CLE,DET +4.0,spread,50,W,45.45,,94,115,,,2026-05-15T10:11:10.153721+00:00,2026-05-15T23:00:00+00:00,
2026-05-22,OKC @ SAS,OKC +2.0,spread,50,W,45.45,,108,123,,,2026-05-22T10:42:16.995906+00:00,2026-05-23T00:30:00+00:00,
2026-05-23,NYK @ CLE,NYK +2.5,spread,50,W,45.45,,108,121,,,2026-05-23T09:29:54.394403+00:00,2026-05-24T00:00:00+00:00,
2026-05-24,OKC @ SAS,OKC +2.5,spread,50,L,-50.0,,103,82,,,2026-05-24T09:36:53.747131+00:00,2026-05-25T00:00:00+00:00,
2026-05-25,NYK @ CLE,NYK -2.5,spread,50,W,45.45,,93,130,,,2026-05-25T11:44:04.970841+00:00,2026-05-26T00:00:00+00:00,
2026-05-28,OKC @ SAS,OKC +3.5,spread,50,L,-50.0,,118,91,,,2026-05-28T11:14:23.687917+00:00,2026-05-29T00:30:00+00:00,
2026-05-30,SAS @ OKC,SAS +3.5,spread,50,W,45.45,,103,111,,,2026-05-30T09:38:22.707913+00:00,2026-05-31T00:00:00+00:00,
2026-06-03,NYK @ SAS,NYK +4.5,spread,50,W,45.45,,95,105,,,2026-06-03T12:28:50.965631+00:00,2026-06-04T00:30:00+00:00,
2026-06-05,NYK @ SAS,NYK +6.5,spread,50,W,45.45,,104,105,,,2026-06-05T11:06:35.866674+00:00,2026-06-06T00:30:00+00:00,
2026-06-13,NYK @ SAS,NYK +5.0,spread,50,W,45.45,,90,94,,,2026-06-13T10:20:58.661155+00:00,2026-06-14T00:30:00+00:00,
