game_id,espn,provider_id,provider,open_home_fav,close_home_fav,open_total,close_total,fetched_at
2024_01_ARI_BUF,401671617,58,ESPN BET,7.0,6.5,48.0,45.5,2026-10-02T22:23:18Z
2024_01_BAL_KC,401671789,58,ESPN BET,3.0,2.5,46.5,45.5,2026-10-02T22:23:18Z
2024_01_CAR_NO,401671734,58,ESPN BET,4.5,3.5,40.5,41.5,2026-10-02T22:23:18Z
2024_01_DAL_CLE,401671761,58,ESPN BET,1.0,2.0,43.5,42.5,2026-10-02T22:23:18Z
2024_01_DEN_SEA,401671664,58,ESPN BET,5.0,6.5,41.5,42.5,2026-10-02T22:23:18Z
2024_01_GB_PHI,401671805,58,ESPN BET,2.0,1.5,48.5,49.5,2026-10-02T22:23:18Z
2024_01_HOU_IND,401671861,58,ESPN BET,-2.0,-3.5,48.5,48.5,2026-10-02T22:23:18Z
2024_01_JAX_MIA,401671849,58,ESPN BET,3.5,3.5,48.5,49.5,2026-10-02T22:23:18Z
2024_01_LA_DET,401671792,58,ESPN BET,3.5,5.5,51.5,53.5,2026-10-02T22:23:18Z
2024_01_LV_LAC,401671659,58,ESPN BET,3.0,3.0,42.5,40.5,2026-10-02T22:23:18Z
2024_01_MIN_NYG,401671712,58,ESPN BET,-1.0,2.5,41.5,40.5,2026-10-02T22:23:18Z
2024_01_NE_CIN,401671628,58,ESPN BET,9.0,7.5,42.5,40.5,2026-10-02T22:23:18Z
2024_01_NYJ_SF,401671696,58,ESPN BET,5.5,3.5,44.5,43.5,2026-10-02T22:23:18Z
2024_01_PIT_ATL,401671744,58,ESPN BET,2.5,4.5,42.5,43.5,2026-10-02T22:23:18Z
2024_01_TEN_CHI,401671719,58,ESPN BET,4.5,4.5,43.5,42.5,2026-10-02T22:23:18Z
2024_01_WAS_TB,401671770,58,ESPN BET,3.5,3.5,41.5,41.5,2026-10-02T22:23:18Z
2024_02_ATL_PHI,401671691,58,ESPN BET,4.0,5.5,48.5,46.5,2026-10-02T22:23:18Z
2024_02_BUF_MIA,401671807,58,ESPN BET,1.0,2.5,50.5,49.5,2026-10-02T22:23:18Z
2024_02_CHI_HOU,401671786,58,ESPN BET,6.5,6.5,46.5,45.5,2026-10-02T22:23:18Z
2024_02_CIN_KC,401671670,58,ESPN BET,3.5,6.5,48.5,47.5,2026-10-02T22:23:18Z
2024_02_CLE_JAX,401671635,58,ESPN BET,1.5,3.5,44.5,41.5,2026-10-02T22:23:18Z
2024_02_IND_GB,401671723,58,ESPN BET,-3.0,-2.5,47.5,41.5,2026-10-02T22:23:18Z
2024_02_LAC_CAR,401671652,58,ESPN BET,-3.0,-4.5,42.0,38.5,2026-10-02T22:23:18Z
2024_02_LA_ARI,401671754,58,ESPN BET,-2.5,1.5,47.5,47.5,2026-10-02T22:23:18Z
2024_02_LV_BAL,401671624,58,ESPN BET,7.5,8.5,44.0,42.5,2026-10-02T22:23:18Z
2024_02_NO_DAL,401671709,58,ESPN BET,6.5,6.5,44.5,47.5,2026-10-02T22:23:18Z
2024_02_NYG_WAS,401671716,58,ESPN BET,3.0,1.5,42.5,42.5,2026-10-02T22:23:18Z
2024_02_NYJ_TEN,401671636,58,ESPN BET,-3.5,-3.5,44.0,42.5,2026-10-02T22:23:18Z
2024_02_PIT_DEN,401671668,,,,,,,2026-10-02T22:23:18Z
2024_02_SEA_NE,401671702,58,ESPN BET,-3.5,-3.5,42.5,39.5,2026-10-02T22:23:18Z
2024_02_SF_MIN,401671645,58,ESPN BET,-5.5,-3.5,46.5,46.5,2026-10-02T22:23:18Z
2024_02_TB_DET,401671721,58,ESPN BET,6.5,7.5,48.5,51.5,2026-10-02T22:23:18Z
2024_03_BAL_DAL,401671763,58,ESPN BET,-0.0,-1.5,48.5,47.5,2026-10-02T22:23:18Z
2024_03_CAR_LV,401671658,58,ESPN BET,7.0,5.5,38.5,40.5,2026-10-02T22:23:18Z
2024_03_CHI_IND,401671865,58,ESPN BET,1.0,2.5,44.5,43.5,2026-10-02T22:23:18Z
2024_03_DEN_TB,401671741,58,ESPN BET,7.0,5.5,39.5,40.5,2026-10-02T22:23:18Z
2024_03_DET_ARI,401671771,58,ESPN BET,-3.0,-2.5,51.5,51.5,2026-10-02T22:23:18Z
2024_03_GB_TEN,401671823,58,ESPN BET,2.5,2.5,37.5,36.5,2026-10-02T22:23:18Z
2024_03_HOU_MIN,401671646,58,ESPN BET,-2.5,-2.0,46.5,46.5,2026-10-02T22:23:18Z
2024_03_JAX_BUF,401671682,58,ESPN BET,6.0,4.5,46.5,46.5,2026-10-02T22:23:18Z
2024_03_KC_ATL,401671793,58,ESPN BET,-5.0,-3.5,46.5,46.5,2026-10-02T22:23:18Z
2024_03_LAC_PIT,401671632,58,ESPN BET,2.5,2.5,36.5,35.5,2026-10-02T22:23:18Z
2024_03_MIA_SEA,401671662,58,ESPN BET,6.5,4.5,42.5,41.5,2026-10-02T22:23:18Z
2024_03_NE_NYJ,401671808,58,ESPN BET,7.0,6.5,40.5,39.5,2026-10-02T22:23:18Z
2024_03_NYG_CLE,401671855,58,ESPN BET,7.0,6.5,38.5,37.5,2026-10-02T22:23:18Z
2024_03_PHI_NO,401671736,58,ESPN BET,-2.5,2.5,48.5,48.5,2026-10-02T22:23:18Z
2024_03_SF_LA,401671772,58,ESPN BET,-7.0,-6.5,45.5,44.5,2026-10-02T22:23:18Z
2024_03_WAS_CIN,401671490,58,ESPN BET,7.5,7.5,47.5,46.5,2026-10-02T22:23:18Z
2024_04_BUF_BAL,401671783,58,ESPN BET,2.5,2.5,45.5,47.5,2026-10-02T22:23:18Z
2024_04_CIN_CAR,401671745,58,ESPN BET,-5.5,-5.5,44.5,47.5,2026-10-02T22:23:18Z
2024_04_CLE_LV,401671672,58,ESPN BET,-0.5,-2.5,37.5,38.5,2026-10-02T22:23:18Z
2024_04_DAL_NYG,401671812,58,ESPN BET,-5.0,-5.5,44.5,44.5,2026-10-02T22:23:18Z
2024_04_DEN_NYJ,401671622,58,ESPN BET,7.5,8.5,38.5,39.5,2026-10-02T22:23:18Z
2024_04_JAX_HOU,401671857,58,ESPN BET,4.5,5.5,45.5,46.5,2026-10-02T22:23:18Z
2024_04_KC_LAC,401671674,58,ESPN BET,-7.0,-7.5,39.5,41.5,2026-10-02T22:23:18Z
2024_04_LA_CHI,401671871,58,ESPN BET,1.5,3.5,40.5,40.5,2026-10-02T22:23:18Z
2024_04_MIN_GB,401671643,58,ESPN BET,2.5,2.5,42.5,44.5,2026-10-02T22:23:18Z
2024_04_NE_SF,401671758,58,ESPN BET,10.5,10.5,40.5,41.5,2026-10-02T22:23:18Z
2024_04_NO_ATL,401671727,58,ESPN BET,1.5,2.5,43.5,42.5,2026-10-02T22:23:18Z
2024_04_PHI_TB,401671740,58,ESPN BET,-2.5,-0.5,46.5,43.5,2026-10-02T22:23:18Z
2024_04_PIT_IND,401671867,58,ESPN BET,-1.5,-2.5,39.5,40.5,2026-10-02T22:23:18Z
2024_04_SEA_DET,401671491,58,ESPN BET,4.5,4.5,48.5,47.5,2026-10-02T22:23:18Z
2024_04_TEN_MIA,401671683,58,ESPN BET,-0.5,2.5,36.5,37.5,2026-10-02T22:23:18Z
2024_04_WAS_ARI,401671755,58,ESPN BET,5.5,3.5,49.5,48.5,2026-10-02T22:23:18Z
2024_05_ARI_SF,401671756,58,ESPN BET,7.5,7.5,48.5,48.5,2026-10-02T22:23:18Z
2024_05_BAL_CIN,401671626,58,ESPN BET,-3.0,-2.5,50.5,47.5,2026-10-02T22:23:18Z
2024_05_BUF_HOU,401671859,58,ESPN BET,-1.0,1.5,46.5,47.5,2026-10-02T22:23:18Z
2024_05_CAR_CHI,401671872,58,ESPN BET,5.5,3.5,43.5,39.5,2026-10-02T22:23:18Z
2024_05_CLE_WAS,401671718,58,ESPN BET,3.5,3.5,43.5,43.5,2026-10-02T22:23:18Z
2024_05_DAL_PIT,401671784,58,ESPN BET,2.0,2.5,41.5,44.5,2026-10-02T22:23:18Z
2024_05_GB_LA,401671679,58,ESPN BET,-3.5,-2.5,47.5,49.5,2026-10-02T22:23:18Z
2024_05_IND_JAX,401671633,58,ESPN BET,3.0,3.5,45.5,44.5,2026-10-02T22:23:18Z
2024_05_LV_DEN,401671747,58,ESPN BET,1.5,2.5,37.5,35.5,2026-10-02T22:23:18Z
2024_05_MIA_NE,401671700,58,ESPN BET,-0.5,-2.5,36.5,36.5,2026-10-02T22:23:18Z
2024_05_NO_KC,401671687,58,ESPN BET,5.0,5.5,42.5,43.5,2026-10-02T22:23:18Z
2024_05_NYG_SEA,401671680,58,ESPN BET,5.5,7.5,41.5,41.5,2026-10-02T22:23:18Z
2024_05_NYJ_MIN,401671804,58,ESPN BET,2.5,2.5,41.5,42.5,2026-10-02T22:23:18Z
2024_05_TB_ATL,401671815,58,ESPN BET,2.5,2.5,42.5,43.5,2026-10-02T22:23:18Z
2024_06_ARI_GB,401671722,58,ESPN BET,5.5,6.5,49.5,46.5,2026-10-02T22:23:18Z
2024_06_ATL_CAR,401671769,58,ESPN BET,-4.5,-6.5,47.5,45.5,2026-10-02T22:23:18Z
2024_06_BUF_NYJ,401671684,58,ESPN BET,-3.0,-1.5,41.5,42.5,2026-10-02T22:23:18Z
2024_06_CIN_NYG,401671791,58,ESPN BET,-3.5,-4.5,48.5,45.5,2026-10-02T22:23:18Z
2024_06_CLE_PHI,401671714,58,ESPN BET,9.5,8.5,43.5,42.5,2026-10-02T22:23:18Z
2024_06_DET_DAL,401671764,58,ESPN BET,-3.5,-3.5,52.5,52.5,2026-10-02T22:23:18Z
2024_06_HOU_NE,401671619,58,ESPN BET,-7.5,-6.5,38.5,39.5,2026-10-02T22:23:18Z
2024_06_IND_TEN,401671820,58,ESPN BET,0.5,2.5,42.5,41.5,2026-10-02T22:23:18Z
2024_06_JAX_CHI,401671802,58,ESPN BET,2.0,-1.5,43.5,44.5,2026-10-02T22:23:18Z
2024_06_LAC_DEN,401671655,58,ESPN BET,-2.5,-2.5,36.5,37.5,2026-10-02T22:23:18Z
2024_06_PIT_LV,401671657,58,ESPN BET,-2.5,-3.5,36.5,36.5,2026-10-02T22:23:18Z
2024_06_SF_SEA,401671819,58,ESPN BET,-3.5,-3.5,46.5,48.5,2026-10-02T22:23:18Z
2024_06_TB_NO,401671735,58,ESPN BET,2.5,-3.5,45.5,42.5,2026-10-02T22:23:18Z
2024_06_WAS_BAL,401671625,58,ESPN BET,6.5,7.5,51.5,50.5,2026-10-02T22:23:18Z
2024_07_BAL_TB,401671695,58,ESPN BET,-4.5,-4.5,50.5,50.5,2026-10-02T22:23:18Z
2024_07_CAR_WAS,401671640,58,ESPN BET,9.5,10.5,50.5,50.5,2026-10-02T22:23:18Z
2024_07_CIN_CLE,401671853,58,ESPN BET,-4.5,-5.5,44.5,42.5,2026-10-02T22:23:18Z
2024_07_DEN_NO,401671816,58,ESPN BET,0.5,-2.5,37.5,37.5,2026-10-02T22:23:18Z
2024_07_DET_MIN,401671724,58,ESPN BET,2.5,1.5,50.5,50.5,2026-10-02T22:23:18Z
2024_07_HOU_GB,401671644,58,ESPN BET,3.5,3.5,47.5,47.5,2026-10-02T22:23:18Z
2024_07_KC_SF,401671777,58,ESPN BET,0.5,2.5,46.5,47.5,2026-10-02T22:23:18Z
2024_07_LAC_ARI,401671699,58,ESPN BET,-2.5,-1.5,43.5,44.5,2026-10-02T22:23:18Z
2024_07_LV_LA,401671663,58,ESPN BET,5.5,7.5,44.5,43.5,2026-10-02T22:23:18Z
2024_07_MIA_IND,401671864,58,ESPN BET,3.5,3.5,42.5,43.5,2026-10-02T22:23:18Z
2024_07_NE_JAX,401671801,58,ESPN BET,4.5,6.5,41.5,41.5,2026-10-02T22:23:18Z
2024_07_NYJ_PIT,401671785,58,ESPN BET,1.5,-2.5,37.5,40.5,2026-10-02T22:23:18Z
2024_07_PHI_NYG,401671710,58,ESPN BET,-3.5,-3.5,45.5,42.5,2026-10-02T22:23:18Z
2024_07_SEA_ATL,401671730,58,ESPN BET,2.5,2.5,49.5,51.5,2026-10-02T22:23:18Z
2024_07_TEN_BUF,401671616,58,ESPN BET,8.5,9.5,42.5,41.5,2026-10-02T22:23:18Z
2024_08_ARI_MIA,401671850,58,ESPN BET,2.5,4.5,46.5,46.5,2026-10-02T22:23:18Z
2024_08_ATL_TB,401671739,58,ESPN BET,3.0,-0.5,48.5,47.5,2026-10-02T22:23:18Z
2024_08_BAL_CLE,401671852,58,ESPN BET,-9.5,-7.5,42.5,44.5,2026-10-02T22:23:18Z
2024_08_BUF_SEA,401671760,58,ESPN BET,-2.5,-3.5,49.5,45.5,2026-10-02T22:23:18Z
2024_08_CAR_DEN,401671600,58,ESPN BET,7.5,12.5,42.5,40.5,2026-10-02T22:23:18Z
2024_08_CHI_WAS,401671599,58,ESPN BET,-1.5,1.5,45.5,46.5,2026-10-02T22:23:18Z
2024_08_DAL_SF,401671795,58,ESPN BET,5.5,5.5,47.5,47.5,2026-10-02T22:23:18Z
2024_08_GB_JAX,401671707,58,ESPN BET,-5.5,-3.5,49.5,49.5,2026-10-02T22:23:18Z
2024_08_IND_HOU,401671856,58,ESPN BET,6.5,4.5,46.5,45.5,2026-10-02T22:23:18Z
2024_08_KC_LV,401671671,58,ESPN BET,-9.5,-8.5,42.5,42.5,2026-10-02T22:23:18Z
2024_08_MIN_LA,401671817,58,ESPN BET,-3.0,-2.5,46.5,46.5,2026-10-02T22:23:18Z
2024_08_NO_LAC,401671750,58,ESPN BET,7.5,7.5,39.5,41.5,2026-10-02T22:23:18Z
2024_08_NYG_PIT,401671685,58,ESPN BET,5.5,6.5,37.5,37.5,2026-10-02T22:23:18Z
2024_08_NYJ_NE,401671618,58,ESPN BET,-6.5,-7.5,41.5,41.5,2026-10-02T22:23:18Z
2024_08_PHI_CIN,401671667,58,ESPN BET,2.5,2.5,46.5,47.5,2026-10-02T22:23:18Z
2024_08_TEN_DET,401671720,58,ESPN BET,12.5,12.5,45.5,46.5,2026-10-02T22:23:18Z
2024_09_CHI_ARI,401671661,58,ESPN BET,1.0,1.5,44.5,44.5,2026-10-02T22:23:18Z
2024_09_DAL_ATL,401671728,58,ESPN BET,2.5,3.5,48.5,51.5,2026-10-02T22:23:18Z
2024_09_DEN_BAL,401671623,58,ESPN BET,9.0,8.5,44.5,46.5,2026-10-02T22:23:18Z
2024_09_DET_GB,401671767,58,ESPN BET,-3.5,-2.5,48.5,48.5,2026-10-02T22:23:18Z
2024_09_HOU_NYJ,401671809,58,ESPN BET,-1.0,2.5,43.5,43.5,2026-10-02T22:23:18Z
2024_09_IND_MIN,401671647,58,ESPN BET,7.0,5.5,46.5,46.5,2026-10-02T22:23:18Z
2024_09_JAX_PHI,401671797,58,ESPN BET,7.0,7.5,47.5,46.5,2026-10-02T22:23:18Z
2024_09_LAC_CLE,401671629,58,ESPN BET,-2.5,-1.5,39.5,41.5,2026-10-02T22:23:18Z
2024_09_LA_SEA,401671776,58,ESPN BET,1.0,-2.0,47.5,48.5,2026-10-02T22:23:18Z
2024_09_LV_CIN,401671704,58,ESPN BET,7.5,7.5,45.5,44.5,2026-10-02T22:23:18Z
2024_09_MIA_BUF,401671493,58,ESPN BET,6.0,6.5,48.5,49.5,2026-10-02T22:23:18Z
2024_09_NE_TEN,401671822,58,ESPN BET,3.5,3.5,38.5,38.5,2026-10-02T22:23:18Z
2024_09_NO_CAR,401671650,58,ESPN BET,-6.5,-7.5,44.5,43.5,2026-10-02T22:23:18Z
2024_09_TB_KC,401671688,58,ESPN BET,8.5,8.5,44.5,45.5,2026-10-02T22:23:18Z
2024_09_WAS_NYG,401671711,58,ESPN BET,-3.5,-3.5,43.5,42.5,2026-10-02T22:23:18Z
2024_10_ATL_NO,401671733,58,ESPN BET,-3.0,-4.5,47.5,47.5,2026-10-02T22:23:18Z
2024_10_BUF_IND,401671863,58,ESPN BET,-5.0,-4.5,47.5,46.5,2026-10-02T22:23:18Z
2024_10_CIN_BAL,401671810,58,ESPN BET,6.0,5.5,52.5,52.5,2026-10-02T22:23:18Z
2024_10_DEN_KC,401671637,58,ESPN BET,9.0,7.5,41.5,41.5,2026-10-02T22:23:18Z
2024_10_DET_HOU,401671787,58,ESPN BET,-4.0,-4.5,48.5,49.5,2026-10-02T22:23:18Z
2024_10_MIA_LA,401671693,58,ESPN BET,2.5,2.5,50.5,50.5,2026-10-02T22:23:18Z
2024_10_MIN_JAX,401671708,58,ESPN BET,-5.0,-7.5,46.5,42.5,2026-10-02T22:23:18Z
2024_10_NE_CHI,401671873,58,ESPN BET,7.0,6.5,39.5,37.5,2026-10-02T22:23:18Z
2024_10_NYG_CAR,401671803,58,ESPN BET,-5.0,-6.5,41.5,40.5,2026-10-02T22:23:18Z
2024_10_NYJ_ARI,401671678,58,ESPN BET,1.5,-1.5,45.5,46.5,2026-10-02T22:23:18Z
2024_10_PHI_DAL,401671676,58,ESPN BET,-6.5,-7.5,43.5,44.5,2026-10-02T22:23:18Z
2024_10_PIT_WAS,401671641,58,ESPN BET,2.5,1.5,44.5,45.5,2026-10-02T22:23:18Z
2024_10_SF_TB,401671742,58,ESPN BET,-6.0,-6.5,48.5,50.5,2026-10-02T22:23:18Z
2024_10_TEN_LAC,401671751,58,ESPN BET,8.0,8.5,38.5,40.5,2026-10-02T22:23:18Z
2024_11_ATL_DEN,401671748,58,ESPN BET,1.5,1.5,43.5,44.5,2026-10-02T22:23:18Z
2024_11_BAL_PIT,401671630,58,ESPN BET,-3.0,-3.5,47.5,49.5,2026-10-02T22:23:18Z
2024_11_CIN_LAC,401671675,58,ESPN BET,2.5,0.5,45.5,48.5,2026-10-02T22:23:18Z
2024_11_CLE_NO,401671746,58,ESPN BET,2.5,-1.5,43.5,43.5,2026-10-02T22:23:18Z
2024_11_GB_CHI,401671869,58,ESPN BET,-6.5,-6.5,41.5,41.5,2026-10-02T22:23:18Z
2024_11_HOU_DAL,401671694,58,ESPN BET,-7.0,-7.5,42.5,41.5,2026-10-02T22:23:18Z
2024_11_IND_NYJ,401671782,58,ESPN BET,3.5,4.5,43.5,43.5,2026-10-02T22:23:18Z
2024_11_JAX_DET,401671642,58,ESPN BET,13.5,14.5,47.5,47.5,2026-10-02T22:23:18Z
2024_11_KC_BUF,401671665,58,ESPN BET,2.5,2.5,46.5,47.5,2026-10-02T22:23:18Z
2024_11_LA_NE,401671701,58,ESPN BET,-5.5,-4.5,43.5,42.5,2026-10-02T22:23:18Z
2024_11_LV_MIA,401671851,58,ESPN BET,6.5,8.5,45.5,43.5,2026-10-02T22:23:18Z
2024_11_MIN_TEN,401671824,58,ESPN BET,-6.5,-5.5,40.5,40.5,2026-10-02T22:23:18Z
2024_11_SEA_SF,401671757,58,ESPN BET,6.5,6.5,49.5,48.5,2026-10-02T22:23:18Z
2024_11_WAS_PHI,401671813,58,ESPN BET,3.5,4.5,49.5,49.5,2026-10-02T22:23:18Z
2024_12_ARI_SEA,401671775,58,ESPN BET,1.5,-1.5,47.5,46.5,2026-10-02T22:23:18Z
2024_12_BAL_LAC,401671689,58,ESPN BET,-2.5,-2.5,47.5,50.5,2026-10-02T22:23:18Z
2024_12_DAL_WAS,401671715,58,ESPN BET,9.5,10.5,44.5,44.5,2026-10-02T22:23:18Z
2024_12_DEN_LV,401671656,58,ESPN BET,-4.5,-5.5,40.5,41.5,2026-10-02T22:23:18Z
2024_12_DET_IND,401671866,58,ESPN BET,-8.0,-6.5,50.5,49.5,2026-10-02T22:23:18Z
2024_12_KC_CAR,401671651,58,ESPN BET,-11.5,-11.5,41.5,42.5,2026-10-02T22:23:18Z
2024_12_MIN_CHI,401671870,58,ESPN BET,-3.5,-2.5,40.5,39.5,2026-10-02T22:23:18Z
2024_12_NE_MIA,401671847,58,ESPN BET,7.5,7.5,45.5,45.5,2026-10-02T22:23:18Z
2024_12_PHI_LA,401671794,58,ESPN BET,-2.5,-2.5,47.5,47.5,2026-10-02T22:23:18Z
2024_12_PIT_CLE,401671875,58,ESPN BET,-4.5,-3.5,40.5,36.5,2026-10-02T22:23:18Z
2024_12_SF_GB,401671768,58,ESPN BET,1.5,6.5,47.5,44.5,2026-10-02T22:23:18Z
2024_12_TB_NYG,401671638,58,ESPN BET,-4.0,-6.5,42.5,40.5,2026-10-02T22:23:18Z
2024_12_TEN_HOU,401671858,58,ESPN BET,8.5,7.5,41.5,40.5,2026-10-02T22:23:18Z
2024_13_ARI_MIN,401671726,58,ESPN BET,4.5,3.5,46.5,45.5,2026-10-02T22:23:18Z
2024_13_CHI_DET,401671492,58,ESPN BET,10.5,10.0,48.5,48.5,2026-10-02T22:23:18Z
2024_13_CLE_DEN,401671686,58,ESPN BET,5.5,6.5,41.5,41.5,2026-10-02T22:23:18Z
2024_13_HOU_JAX,401671705,58,ESPN BET,-6.5,-3.5,42.5,44.5,2026-10-02T22:23:18Z
2024_13_IND_NE,401671620,58,ESPN BET,-2.5,-2.5,42.5,41.5,2026-10-02T22:23:18Z
2024_13_LAC_ATL,401671649,58,ESPN BET,-1.5,-0.5,47.5,47.5,2026-10-02T22:23:18Z
2024_13_LA_NO,401671753,58,ESPN BET,-2.5,-2.5,46.5,48.5,2026-10-02T22:23:18Z
2024_13_LV_KC,401671806,58,ESPN BET,12.5,13.5,42.5,41.5,2026-10-02T22:23:18Z
2024_13_MIA_GB,401671798,58,ESPN BET,3.5,3.5,47.5,47.5,2026-10-02T22:23:18Z
2024_13_NYG_DAL,401671779,58,ESPN BET,3.5,4.5,38.5,39.5,2026-10-02T22:23:18Z
2024_13_PHI_BAL,401671666,58,ESPN BET,2.5,3.5,50.5,51.5,2026-10-02T22:23:18Z
2024_13_PIT_CIN,401671627,58,ESPN BET,2.5,3.5,46.5,46.5,2026-10-02T22:23:18Z
2024_13_SEA_NYJ,401671703,58,ESPN BET,-1.5,1.5,41.5,41.5,2026-10-02T22:23:18Z
2024_13_SF_BUF,401671781,58,ESPN BET,6.5,6.5,45.5,44.5,2026-10-02T22:23:18Z
2024_13_TB_CAR,401671752,58,ESPN BET,-6.5,-6.5,46.5,46.5,2026-10-02T22:23:18Z
2024_13_TEN_WAS,401671743,58,ESPN BET,6.5,5.5,44.5,45.5,2026-10-02T22:23:18Z
2024_14_ATL_MIN,401671648,58,ESPN BET,4.5,5.5,46.5,46.5,2026-10-02T22:23:18Z
2024_14_BUF_LA,401671773,58,ESPN BET,-3.5,-3.5,48.5,50.5,2026-10-02T22:23:18Z
2024_14_CAR_PHI,401671713,58,ESPN BET,12.5,13.5,45.5,44.5,2026-10-02T22:23:18Z
2024_14_CHI_SF,401671774,58,ESPN BET,5.5,3.5,43.5,43.5,2026-10-02T22:23:18Z
2024_14_CIN_DAL,401671690,58,ESPN BET,-5.5,-4.5,47.5,50.5,2026-10-02T22:23:18Z
2024_14_CLE_PIT,401671631,58,ESPN BET,5.5,6.5,41.5,42.5,2026-10-02T22:23:18Z
2024_14_GB_DET,401671814,58,ESPN BET,3.5,3.5,51.5,53.5,2026-10-02T22:23:18Z
2024_14_JAX_TEN,401671821,58,ESPN BET,4.5,3.5,40.5,40.5,2026-10-02T22:23:18Z
2024_14_LAC_KC,401671788,58,ESPN BET,3.5,5.5,43.5,43.5,2026-10-02T22:23:18Z
2024_14_LV_TB,401671654,58,ESPN BET,6.5,6.5,44.5,47.5,2026-10-02T22:23:18Z
2024_14_NO_NYG,401671601,58,ESPN BET,-3.5,-5.5,39.5,41.5,2026-10-02T22:23:18Z
2024_14_NYJ_MIA,401671848,58,ESPN BET,6.5,6.5,45.5,45.5,2026-10-02T22:23:18Z
2024_14_SEA_ARI,401671660,58,ESPN BET,2.5,3.5,46.5,45.5,2026-10-02T22:23:18Z
2024_15_ATL_LV,401671697,58,ESPN BET,-4.5,-5.5,41.5,43.5,2026-10-02T22:23:18Z
2024_15_BAL_NYG,401671639,58,ESPN BET,-14.0,-16.5,43.5,43.5,2026-10-02T22:23:18Z
2024_15_BUF_DET,401671681,58,ESPN BET,2.5,2.5,53.5,55.5,2026-10-02T22:23:18Z
2024_15_CHI_MIN,401671489,58,ESPN BET,7.0,6.5,42.5,43.5,2026-10-02T22:23:18Z
2024_15_CIN_TEN,401671825,58,ESPN BET,-5.0,-6.5,48.5,46.5,2026-10-02T22:23:18Z
2024_15_DAL_CAR,401671731,58,ESPN BET,1.5,2.5,43.5,41.5,2026-10-02T22:23:18Z
2024_15_GB_SEA,401671796,58,ESPN BET,-2.5,-2.5,46.5,48.5,2026-10-02T22:23:18Z
2024_15_IND_DEN,401671669,58,ESPN BET,4.5,3.5,43.5,43.5,2026-10-02T22:23:18Z
2024_15_KC_CLE,401671854,58,ESPN BET,-6.5,-3.5,42.5,41.5,2026-10-02T22:23:18Z
2024_15_LA_SF,401671818,58,ESPN BET,2.5,2.5,48.5,48.5,2026-10-02T22:23:18Z
2024_15_MIA_HOU,401671860,58,ESPN BET,2.5,2.5,47.5,46.5,2026-10-02T22:23:18Z
2024_15_NE_ARI,401671677,58,ESPN BET,6.5,5.5,45.5,46.5,2026-10-02T22:23:18Z
2024_15_NYJ_JAX,401671706,58,ESPN BET,-3.5,-3.5,40.5,41.5,2026-10-02T22:23:18Z
2024_15_PIT_PHI,401671766,58,ESPN BET,4.5,5.5,44.5,43.5,2026-10-02T22:23:18Z
2024_15_TB_LAC,401671762,58,ESPN BET,3.0,3.0,46.5,45.5,2026-10-02T22:23:18Z
2024_15_WAS_NO,401671737,58,ESPN BET,-7.0,-7.5,43.5,44.5,2026-10-02T22:23:18Z
2024_16_ARI_CAR,401671732,58,ESPN BET,-4.5,-5.5,46.5,47.5,2026-10-02T22:23:18Z
2024_16_CLE_CIN,401671811,58,ESPN BET,7.0,10.5,49.5,46.5,2026-10-02T22:23:18Z
2024_16_DEN_LAC,401671749,58,ESPN BET,3.0,2.5,42.5,41.5,2026-10-02T22:23:18Z
2024_16_DET_CHI,401671868,58,ESPN BET,-7.5,-6.5,46.5,47.5,2026-10-02T22:23:18Z
2024_16_HOU_KC,401671780,58,ESPN BET,-1.0,3.5,41.5,42.5,2026-10-02T22:23:18Z
2024_16_JAX_LV,401671673,58,ESPN BET,1.0,2.5,39.5,41.5,2026-10-02T22:23:18Z
2024_16_LA_NYJ,401671621,58,ESPN BET,-3.0,-2.5,47.5,46.5,2026-10-02T22:23:18Z
2024_16_MIN_SEA,401671759,58,ESPN BET,-4.5,-2.5,42.5,43.5,2026-10-02T22:23:18Z
2024_16_NE_BUF,401671494,58,ESPN BET,14.5,14.5,46.5,47.5,2026-10-02T22:23:18Z
2024_16_NO_GB,401671692,58,ESPN BET,14.0,14.5,42.5,43.5,2026-10-02T22:23:18Z
2024_16_NYG_ATL,401671729,58,ESPN BET,9.5,9.5,42.5,43.5,2026-10-02T22:23:18Z
2024_16_PHI_WAS,401671717,58,ESPN BET,-3.5,-4.5,46.5,47.5,2026-10-02T22:23:18Z
2024_16_PIT_BAL,401671778,58,ESPN BET,6.5,7.5,46.5,45.5,2026-10-02T22:23:18Z
2024_16_SF_MIA,401671874,58,ESPN BET,1.5,-1.5,46.5,44.5,2026-10-02T22:23:18Z
2024_16_TB_DAL,401671790,58,ESPN BET,-4.5,-4.5,48.5,47.5,2026-10-02T22:23:18Z
2024_16_TEN_IND,401671862,58,ESPN BET,4.0,4.5,42.5,43.5,2026-10-02T22:23:18Z
2024_17_ARI_LA,401671829,58,ESPN BET,5.5,6.5,48.5,48.5,2026-10-02T22:23:18Z
2024_17_ATL_WAS,401671842,58,ESPN BET,4.5,3.5,47.5,46.5,2026-10-02T22:23:18Z
2024_17_BAL_HOU,401671800,58,ESPN BET,-3.5,-6.5,47.5,47.5,2026-10-02T22:23:18Z
2024_17_CAR_TB,401671653,58,ESPN BET,7.5,9.5,48.5,47.5,2026-10-02T22:23:18Z
2024_17_DAL_PHI,401671765,58,ESPN BET,7.5,7.5,42.5,37.5,2026-10-02T22:23:18Z
2024_17_DEN_CIN,401671835,58,ESPN BET,3.0,3.5,48.5,50.5,2026-10-02T22:23:18Z
2024_17_DET_SF,401671698,58,ESPN BET,-3.5,-3.5,51.5,50.5,2026-10-02T22:23:18Z
2024_17_GB_MIN,401671725,58,ESPN BET,1.5,-0.5,48.5,48.5,2026-10-02T22:23:18Z
2024_17_IND_NYG,401671846,58,ESPN BET,-8.0,-7.5,40.5,40.5,2026-10-02T22:23:18Z
2024_17_KC_PIT,401671799,58,ESPN BET,-2.5,-1.5,43.5,45.5,2026-10-02T22:23:18Z
2024_17_LAC_NE,401671832,58,ESPN BET,-4.5,-5.5,42.5,41.5,2026-10-02T22:23:18Z
2024_17_LV_NO,401671738,58,ESPN BET,2.5,-2.5,39.5,37.5,2026-10-02T22:23:18Z
2024_17_MIA_CLE,401671877,58,ESPN BET,-6.0,-3.5,40.5,32.5,2026-10-02T22:23:18Z
2024_17_NYJ_BUF,401671495,58,ESPN BET,9.5,10.5,47.5,44.5,2026-10-02T22:23:18Z
2024_17_SEA_CHI,401671876,58,ESPN BET,-3.5,-4.5,42.5,42.5,2026-10-02T22:23:18Z
2024_17_TEN_JAX,401671634,58,ESPN BET,1.0,-1.5,39.5,38.5,2026-10-02T22:23:18Z
2024_18_BUF_NE,401671831,58,ESPN BET,-2.0,-3.5,41.5,36.5,2026-10-02T22:23:18Z
2024_18_CAR_ATL,401671827,58,ESPN BET,8.0,7.5,47.5,48.5,2026-10-02T22:23:18Z
2024_18_CHI_GB,401671844,58,ESPN BET,10.0,10.5,41.5,41.5,2026-10-02T22:23:18Z
2024_18_CIN_PIT,401671836,58,ESPN BET,-2.5,-2.5,47.5,48.5,2026-10-02T22:23:18Z
2024_18_CLE_BAL,401671834,58,ESPN BET,18.5,20.5,42.5,41.5,2026-10-02T22:23:18Z
2024_18_HOU_TEN,401671826,58,ESPN BET,2.5,2.5,36.5,36.5,2026-10-02T22:23:18Z
2024_18_JAX_IND,401671837,58,ESPN BET,4.5,3.5,44.5,45.5,2026-10-02T22:23:18Z
2024_18_KC_DEN,401671838,58,ESPN BET,8.0,11.5,39.5,40.5,2026-10-02T22:23:18Z
2024_18_LAC_LV,401671839,58,ESPN BET,-4.5,-6.5,41.5,41.5,2026-10-02T22:23:18Z
2024_18_MIA_NYJ,401671833,58,ESPN BET,-2.5,2.5,41.5,39.5,2026-10-02T22:23:18Z
2024_18_MIN_DET,401671843,58,ESPN BET,3.0,2.5,51.5,56.5,2026-10-02T22:23:18Z
2024_18_NO_TB,401671828,58,ESPN BET,14.0,14.5,43.5,44.5,2026-10-02T22:23:18Z
2024_18_NYG_PHI,401671841,58,ESPN BET,3.5,2.5,38.5,35.5,2026-10-02T22:23:18Z
2024_18_SEA_LA,401671830,58,ESPN BET,2.5,-7.5,43.5,38.5,2026-10-02T22:23:18Z
2024_18_SF_ARI,401671845,58,ESPN BET,-1.0,4.5,46.5,42.5,2026-10-02T22:23:18Z
2024_18_WAS_DAL,401671840,58,ESPN BET,-3.5,-7.5,45.5,43.5,2026-10-02T22:23:18Z
2024_19_DEN_BUF,401671881,58,ESPN BET,8.0,7.5,47.5,48.5,2026-10-02T22:23:18Z
2024_19_GB_PHI,401671880,58,ESPN BET,3.5,5.5,46.5,45.5,2026-10-02T22:23:18Z
2024_19_LAC_HOU,401671878,58,ESPN BET,-2.5,-2.5,44.5,41.5,2026-10-02T22:23:18Z
2024_19_MIN_LA,401671882,58,ESPN BET,-2.5,-2.5,47.5,47.5,2026-10-02T22:23:18Z
2024_19_PIT_BAL,401671879,58,ESPN BET,8.5,9.5,46.5,44.5,2026-10-02T22:23:18Z
2024_19_WAS_TB,401671883,58,ESPN BET,2.5,3.5,49.5,51.5,2026-10-02T22:23:18Z
2024_20_BAL_BUF,401671886,58,ESPN BET,1.0,-1.5,51.5,51.5,2026-10-02T22:23:18Z
2024_20_HOU_KC,401671884,58,ESPN BET,7.5,9.5,42.5,41.5,2026-10-02T22:23:18Z
2024_20_LA_PHI,401671937,58,ESPN BET,6.0,7.5,45.5,43.5,2026-10-02T22:23:18Z
2024_20_WAS_DET,401671885,58,ESPN BET,8.5,8.5,53.5,55.5,2026-10-02T22:23:18Z
2024_21_BUF_KC,401671887,58,ESPN BET,1.0,2.5,48.5,49.5,2026-10-02T22:23:18Z
2024_21_WAS_PHI,401671888,58,ESPN BET,6.0,6.5,48.5,47.5,2026-10-02T22:23:18Z
2024_22_KC_PHI,401671889,58,ESPN BET,-1.5,-1.5,49.5,48.5,2026-10-02T22:23:18Z
2025_01_ARI_NO,401772718,58,ESPN BET,-5.5,-5.5,44.5,44.5,2026-10-02T22:23:18Z
2025_01_BAL_BUF,401772918,58,ESPN BET,1.5,-1.5,51.5,51.5,2026-10-02T22:23:18Z
2025_01_CAR_JAX,401772828,58,ESPN BET,2.5,4.5,46.5,44.5,2026-10-02T22:23:18Z
2025_01_CIN_CLE,401772829,58,ESPN BET,-5.5,-5.5,46.5,47.5,2026-10-02T22:23:18Z
2025_01_DAL_PHI,401772510,58,ESPN BET,4.5,7.5,43.5,47.5,2026-10-02T22:23:18Z
2025_01_DET_GB,401772722,58,ESPN BET,1.5,1.5,49.5,48.5,2026-10-02T22:23:18Z
2025_01_HOU_LA,401772723,58,ESPN BET,2.5,3.5,44.5,43.5,2026-10-02T22:23:18Z
2025_01_KC_LAC,401772714,58,ESPN BET,-3.5,-3.5,45.5,47.5,2026-10-02T22:23:18Z
2025_01_LV_NE,401772720,58,ESPN BET,2.5,2.5,45.5,44.5,2026-10-02T22:23:18Z
2025_01_MIA_IND,401772719,58,ESPN BET,1.5,1.5,47.5,47.5,2026-10-02T22:23:18Z
2025_01_MIN_CHI,401772810,58,ESPN BET,-1.5,1.5,43.5,43.5,2026-10-02T22:23:18Z
2025_01_NYG_WAS,401772827,58,ESPN BET,6.5,5.5,45.5,45.5,2026-10-02T22:23:18Z
2025_01_PIT_NYJ,401772721,58,ESPN BET,-2.5,-2.5,38.5,38.5,2026-10-02T22:23:18Z
2025_01_SF_SEA,401772831,58,ESPN BET,-2.5,-1.5,44.5,44.5,2026-10-02T22:23:18Z
2025_01_TB_ATL,401772830,58,ESPN BET,-2.5,1.5,47.5,47.5,2026-10-02T22:23:18Z
2025_01_TEN_DEN,401772832,58,ESPN BET,8.5,9.5,41.5,43.5,2026-10-02T22:23:18Z
2025_02_ATL_MIN,401772919,58,ESPN BET,3.5,3.5,45.5,44.5,2026-10-02T22:23:18Z
2025_02_BUF_NYJ,401772727,58,ESPN BET,-7.5,-5.5,45.5,46.5,2026-10-02T22:23:18Z
2025_02_CAR_ARI,401772730,58,ESPN BET,6.5,6.5,45.5,45.5,2026-10-02T22:23:18Z
2025_02_CHI_DET,401772835,58,ESPN BET,5.5,6.5,47.5,45.5,2026-10-02T22:23:18Z
2025_02_CLE_BAL,401772726,58,ESPN BET,12.5,12.5,45.5,46.5,2026-10-02T22:23:18Z
2025_02_DEN_IND,401772729,58,ESPN BET,-2.5,-1.5,44.5,43.5,2026-10-02T22:23:18Z
2025_02_JAX_CIN,401772725,58,ESPN BET,3.5,3.5,49.5,50.5,2026-10-02T22:23:18Z
2025_02_LAC_LV,401772811,58,ESPN BET,-3.5,-3.5,44.5,46.5,2026-10-02T22:23:18Z
2025_02_LA_TEN,401772724,58,ESPN BET,-5.5,-5.5,42.5,40.5,2026-10-02T22:23:18Z
2025_02_NE_MIA,401772728,58,ESPN BET,1.5,2.5,44.5,42.5,2026-10-02T22:23:18Z
2025_02_NYG_DAL,401772834,58,ESPN BET,3.5,4.5,45.5,44.5,2026-10-02T22:23:18Z
2025_02_PHI_KC,401772837,58,ESPN BET,-1.5,-1.5,45.5,46.5,2026-10-02T22:23:18Z
2025_02_SEA_PIT,401772836,58,ESPN BET,2.5,3.5,40.5,40.5,2026-10-02T22:23:18Z
2025_02_SF_NO,401772833,58,ESPN BET,-7.5,-2.5,43.5,40.5,2026-10-02T22:23:18Z
2025_02_TB_HOU,401772715,58,ESPN BET,1.5,2.5,45.5,42.5,2026-10-02T22:23:18Z
2025_02_WAS_GB,401772936,58,ESPN BET,3.5,3.5,47.5,47.5,2026-10-02T22:23:18Z
2025_03_ARI_SF,401772843,58,ESPN BET,-1.5,1.5,43.5,43.5,2026-10-02T22:23:18Z
2025_03_ATL_CAR,401772838,58,ESPN BET,-3.5,-4.5,44.5,43.5,2026-10-02T22:23:18Z
2025_03_CIN_MIN,401772731,58,ESPN BET,5.5,3.5,44.5,42.5,2026-10-02T22:23:18Z
2025_03_DAL_CHI,401772844,58,ESPN BET,1.5,-1.5,49.5,50.5,2026-10-02T22:23:18Z
2025_03_DEN_LAC,401772735,58,ESPN BET,2.5,2.5,46.5,45.5,2026-10-02T22:23:18Z
2025_03_DET_BAL,401772812,58,ESPN BET,5.5,4.5,52.5,53.5,2026-10-02T22:23:18Z
2025_03_GB_CLE,401772842,58,ESPN BET,-7.5,-7.5,43.5,40.5,2026-10-02T22:23:18Z
2025_03_HOU_JAX,401772734,58,ESPN BET,1.5,1.5,43.5,42.5,2026-10-02T22:23:18Z
2025_03_IND_TEN,401772733,58,ESPN BET,-3.5,-5.5,43.5,42.5,2026-10-02T22:23:18Z
2025_03_KC_NYG,401772920,58,ESPN BET,-6.5,-5.5,42.5,44.5,2026-10-02T22:23:18Z
2025_03_LA_PHI,401772839,58,ESPN BET,3.5,3.5,45.5,45.5,2026-10-02T22:23:18Z
2025_03_LV_WAS,401772841,58,ESPN BET,6.5,2.5,47.5,44.5,2026-10-02T22:23:18Z
2025_03_MIA_BUF,401772937,58,ESPN BET,10.5,11.5,48.5,50.5,2026-10-02T22:23:18Z
2025_03_NO_SEA,401772736,58,ESPN BET,7.5,6.5,42.5,41.5,2026-10-02T22:23:18Z
2025_03_NYJ_TB,401772840,58,ESPN BET,6.5,6.5,44.5,42.5,2026-10-02T22:23:18Z
2025_03_PIT_NE,401772732,58,ESPN BET,-1.5,-1.5,44.5,44.5,2026-10-02T22:23:18Z
2025_04_BAL_KC,401772741,58,ESPN BET,-2.5,-2.5,48.5,49.5,2026-10-02T22:23:18Z
2025_04_CAR_NE,401772847,58,ESPN BET,4.5,3.0,44.5,42.5,2026-10-02T22:23:18Z
2025_04_CHI_LV,401772742,58,ESPN BET,-1.5,2.5,47.5,46.5,2026-10-02T22:23:18Z
2025_04_CIN_DEN,401772716,58,ESPN BET,7.5,7.5,44.5,44.5,2026-10-02T22:23:18Z
2025_04_CLE_DET,401772846,58,ESPN BET,8.5,10.5,45.5,44.5,2026-10-02T22:23:18Z
2025_04_GB_DAL,401772921,58,ESPN BET,-6.5,-6.5,48.5,46.5,2026-10-02T22:23:18Z
2025_04_IND_LA,401772849,58,ESPN BET,3.5,3.5,48.5,49.5,2026-10-02T22:23:18Z
2025_04_JAX_SF,401772848,58,ESPN BET,4.5,3.5,45.5,46.5,2026-10-02T22:23:18Z
2025_04_LAC_NYG,401772737,58,ESPN BET,-5.5,-5.5,45.5,43.5,2026-10-02T22:23:18Z
2025_04_MIN_PIT,401772632,58,ESPN BET,-1.5,-2.5,41.5,41.5,2026-10-02T22:23:18Z
2025_04_NO_BUF,401772740,58,ESPN BET,14.5,14.5,48.5,48.5,2026-10-02T22:23:18Z
2025_04_NYJ_MIA,401772813,58,ESPN BET,2.5,2.5,44.5,43.5,2026-10-02T22:23:18Z
2025_04_PHI_TB,401772845,58,ESPN BET,-2.5,-3.5,45.5,43.5,2026-10-02T22:23:18Z
2025_04_SEA_ARI,401772938,58,ESPN BET,1.5,-1.5,44.5,43.5,2026-10-02T22:23:18Z
2025_04_TEN_HOU,401772738,58,ESPN BET,6.5,7.5,39.5,39.5,2026-10-02T22:23:18Z
2025_04_WAS_ATL,401772739,58,ESPN BET,-3.5,2.5,46.5,44.5,2026-10-02T22:23:18Z
2025_05_DAL_NYJ,401772850,58,ESPN BET,-1.5,2.5,44.5,47.5,2026-10-02T22:23:18Z
2025_05_DEN_PHI,401772745,58,ESPN BET,5.5,4.5,44.5,44.5,2026-10-02T22:23:18Z
2025_05_DET_CIN,401772854,58,ESPN BET,-8.5,-9.5,48.5,48.5,2026-10-02T22:23:18Z
2025_05_HOU_BAL,401772743,58,ESPN BET,3.5,-2.5,43.5,41.5,2026-10-02T22:23:18Z
2025_05_KC_JAX,401772814,58,ESPN BET,-2.5,-3.5,45.5,45.5,2026-10-02T22:23:18Z
2025_05_LV_IND,401772851,58,ESPN BET,6.5,7.5,48.5,46.5,2026-10-02T22:23:18Z
2025_05_MIA_CAR,401772852,58,ESPN BET,-1.5,-1.5,44.5,44.5,2026-10-02T22:23:18Z
2025_05_MIN_CLE,401772633,58,ESPN BET,-3.5,-3.5,37.5,35.5,2026-10-02T22:23:18Z
2025_05_NE_BUF,401772922,58,ESPN BET,8.5,7.5,49.5,48.5,2026-10-02T22:23:18Z
2025_05_NYG_NO,401772744,58,ESPN BET,-2.5,2.5,42.5,42.5,2026-10-02T22:23:18Z
2025_05_SF_LA,401772939,58,ESPN BET,3.5,8.5,46.5,43.5,2026-10-02T22:23:18Z
2025_05_TB_SEA,401772746,58,ESPN BET,2.5,3.5,44.5,45.5,2026-10-02T22:23:18Z
2025_05_TEN_ARI,401772747,58,ESPN BET,7.5,7.5,42.5,41.5,2026-10-02T22:23:18Z
2025_05_WAS_LAC,401772853,58,ESPN BET,2.5,3.5,49.5,48.5,2026-10-02T22:23:18Z
2025_06_ARI_IND,401772856,58,ESPN BET,5.5,8.5,46.5,46.5,2026-10-02T22:23:18Z
2025_06_BUF_ATL,401772815,58,ESPN BET,-4.5,-3.5,49.5,49.5,2026-10-02T22:23:18Z
2025_06_CHI_WAS,401772717,58,ESPN BET,4.5,5.5,49.5,48.5,2026-10-02T22:23:18Z
2025_06_CIN_GB,401772752,58,ESPN BET,14.5,13.5,43.5,44.5,2026-10-02T22:23:18Z
2025_06_CLE_PIT,401772748,58,ESPN BET,4.5,6.5,38.5,37.5,2026-10-02T22:23:18Z
2025_06_DAL_CAR,401772858,58,ESPN BET,-3.5,-2.5,48.5,45.5,2026-10-02T22:23:18Z
2025_06_DEN_NYJ,401772634,58,ESPN BET,-7.5,-6.5,43.5,43.5,2026-10-02T22:23:18Z
2025_06_DET_KC,401772923,58,ESPN BET,1.5,2.5,48.5,51.5,2026-10-02T22:23:18Z
2025_06_LAC_MIA,401772750,58,ESPN BET,-5.5,-3.5,45.5,45.5,2026-10-02T22:23:18Z
2025_06_LA_BAL,401772855,58,ESPN BET,-7.5,-6.5,44.5,44.5,2026-10-02T22:23:18Z
2025_06_NE_NO,401772751,58,ESPN BET,-3.5,-3.5,46.5,46.5,2026-10-02T22:23:18Z
2025_06_PHI_NYG,401772940,58,ESPN BET,-7.5,-7.5,42.5,41.5,2026-10-02T22:23:18Z
2025_06_SEA_JAX,401772857,58,ESPN BET,1.5,-1.5,44.5,47.5,2026-10-02T22:23:18Z
2025_06_SF_TB,401772749,58,ESPN BET,2.5,3.5,46.5,46.5,2026-10-02T22:23:18Z
2025_06_TEN_LV,401772859,58,ESPN BET,5.5,4.5,41.5,41.5,2026-10-02T22:23:18Z
2025_07_ATL_SF,401772924,58,ESPN BET,3.5,-1.5,44.5,46.5,2026-10-02T22:23:18Z
2025_07_CAR_NYJ,401772860,58,ESPN BET,1.5,1.5,44.5,39.5,2026-10-02T22:23:18Z
2025_07_GB_ARI,401772863,58,ESPN BET,-6.5,-6.5,43.5,44.5,2026-10-02T22:23:18Z
2025_07_HOU_SEA,401772826,58,ESPN BET,2.5,3.5,42.5,41.5,2026-10-02T22:23:18Z
2025_07_IND_LAC,401772756,58,ESPN BET,1.5,2.5,48.5,48.5,2026-10-02T22:23:18Z
2025_07_LA_JAX,401772635,58,ESPN BET,-3.5,-3.5,45.5,43.5,2026-10-02T22:23:18Z
2025_07_LV_KC,401772753,58,ESPN BET,10.5,13.5,45.5,45.5,2026-10-02T22:23:18Z
2025_07_MIA_CLE,401772754,58,ESPN BET,2.5,2.5,40.5,35.5,2026-10-02T22:23:18Z
2025_07_NE_TEN,401772755,58,ESPN BET,-6.5,-6.5,41.5,41.5,2026-10-02T22:23:18Z
2025_07_NO_CHI,401772861,58,ESPN BET,5.5,3.5,45.5,43.5,2026-10-02T22:23:18Z
2025_07_NYG_DEN,401772757,58,ESPN BET,7.5,7.5,42.5,40.5,2026-10-02T22:23:18Z
2025_07_PHI_MIN,401772862,58,ESPN BET,-1.5,-2.5,43.5,44.5,2026-10-02T22:23:18Z
2025_07_PIT_CIN,401772941,58,ESPN BET,-5.5,-5.5,42.5,44.5,2026-10-02T22:23:18Z
2025_07_TB_DET,401772816,58,ESPN BET,5.5,6.5,53.5,54.5,2026-10-02T22:23:18Z
2025_07_WAS_DAL,401772864,58,ESPN BET,-2.5,2.5,53.5,54.5,2026-10-02T22:23:18Z
2025_08_BUF_CAR,401772865,58,ESPN BET,-7.5,-7.5,47.5,48.5,2026-10-02T22:23:18Z
2025_08_CHI_BAL,401772759,58,ESPN BET,6.5,2.5,50.5,44.5,2026-10-02T22:23:18Z
2025_08_CLE_NE,401772868,58,ESPN BET,7.5,6.5,40.5,40.5,2026-10-02T22:23:18Z
2025_08_DAL_DEN,401772762,58,ESPN BET,2.5,4.5,48.5,51.5,2026-10-02T22:23:18Z
2025_08_GB_PIT,401772925,58,ESPN BET,-3.5,-2.5,46.5,45.5,2026-10-02T22:23:18Z
2025_08_MIA_ATL,401772760,58,ESPN BET,7.5,6.5,45.5,43.5,2026-10-02T22:23:18Z
2025_08_MIN_LAC,401772942,58,ESPN BET,2.5,3.5,43.5,44.5,2026-10-02T22:23:18Z
2025_08_NYG_PHI,401772867,58,ESPN BET,7.5,7.5,43.5,43.5,2026-10-02T22:23:18Z
2025_08_NYJ_CIN,401772758,58,ESPN BET,4.5,5.5,46.5,43.5,2026-10-02T22:23:18Z
2025_08_SF_HOU,401772866,58,ESPN BET,1.5,3.5,43.5,41.5,2026-10-02T22:23:18Z
2025_08_TB_NO,401772869,58,ESPN BET,-5.5,-3.5,48.5,45.5,2026-10-02T22:23:18Z
2025_08_TEN_IND,401772761,58,ESPN BET,14.5,14.5,45.5,47.5,2026-10-02T22:23:18Z
2025_08_WAS_KC,401772817,58,ESPN BET,9.5,11.5,48.5,48.5,2026-10-02T22:23:18Z
2025_09_ARI_DAL,401772818,58,ESPN BET,2.5,3.5,52.5,53.5,2026-10-02T22:23:18Z
2025_09_ATL_NE,401772763,58,ESPN BET,5.5,5.5,45.5,45.5,2026-10-02T22:23:18Z
2025_09_BAL_MIA,401772943,58,ESPN BET,-7.5,-7.5,49.5,51.5,2026-10-02T22:23:18Z
2025_09_CAR_GB,401772872,58,ESPN BET,11.5,13.5,42.5,43.5,2026-10-02T22:23:18Z
2025_09_CHI_CIN,401772765,58,ESPN BET,-2.5,-2.5,51.5,51.5,2026-10-02T22:23:18Z
2025_09_DEN_HOU,401772870,58,ESPN BET,-1.5,2.5,38.5,41.5,2026-10-02T22:23:18Z
2025_09_IND_PIT,401772766,58,ESPN BET,-2.5,-3.5,48.5,51.5,2026-10-02T22:23:18Z
2025_09_JAX_LV,401772873,58,ESPN BET,-3.5,-1.5,43.5,44.5,2026-10-02T22:23:18Z
2025_09_KC_BUF,401772768,58,ESPN BET,-1.5,-2.5,51.5,53.5,2026-10-02T22:23:18Z
2025_09_LAC_TEN,401772764,58,ESPN BET,-8.5,-9.5,43.5,44.5,2026-10-02T22:23:18Z
2025_09_MIN_DET,401772871,58,ESPN BET,8.5,9.5,47.5,47.5,2026-10-02T22:23:18Z
2025_09_NO_LA,401772874,58,ESPN BET,13.5,14.5,44.5,45.5,2026-10-02T22:23:18Z
2025_09_SEA_WAS,401772926,58,ESPN BET,-3.5,-2.5,45.5,47.5,2026-10-02T22:23:18Z
2025_09_SF_NYG,401772767,58,ESPN BET,-2.5,-2.5,46.5,47.5,2026-10-02T22:23:18Z
2025_10_ARI_SEA,401772773,58,ESPN BET,6.5,7.5,44.5,44.5,2026-10-02T22:23:18Z
2025_10_ATL_IND,401772636,58,ESPN BET,6.5,5.5,48.5,48.5,2026-10-02T22:23:18Z
2025_10_BAL_MIN,401772876,58,ESPN BET,-4.5,-4.5,45.5,49.5,2026-10-02T22:23:18Z
2025_10_BUF_MIA,401772771,58,ESPN BET,-9.5,-8.5,48.5,50.5,2026-10-02T22:23:18Z
2025_10_CLE_NYJ,401772769,58,ESPN BET,1.5,-2.5,37.5,37.5,2026-10-02T22:23:18Z
2025_10_DET_WAS,401772878,58,ESPN BET,-3.5,-7.5,51.5,48.5,2026-10-02T22:23:18Z
2025_10_JAX_HOU,401772770,58,ESPN BET,1.5,2.5,39.5,38.5,2026-10-02T22:23:18Z
2025_10_LA_SF,401772879,58,ESPN BET,-3.5,-6.5,48.5,49.5,2026-10-02T22:23:18Z
2025_10_LV_DEN,401772944,58,ESPN BET,10.5,9.5,42.5,41.5,2026-10-02T22:23:18Z
2025_10_NE_TB,401772772,58,ESPN BET,2.5,2.5,48.5,48.5,2026-10-02T22:23:18Z
2025_10_NO_CAR,401772877,58,ESPN BET,5.5,5.5,40.5,38.5,2026-10-02T22:23:18Z
2025_10_NYG_CHI,401772875,58,ESPN BET,3.5,4.5,48.5,44.5,2026-10-02T22:23:18Z
2025_10_PHI_GB,401772630,58,ESPN BET,2.5,1.5,45.5,44.5,2026-10-02T22:23:18Z
2025_10_PIT_LAC,401772927,58,ESPN BET,3.5,3.5,45.5,45.5,2026-10-02T22:23:18Z
2025_11_BAL_CLE,401772777,58,ESPN BET,-9.5,-7.5,41.5,37.5,2026-10-02T22:23:18Z
2025_11_CAR_ATL,401772882,58,ESPN BET,4.5,4.5,42.5,41.5,2026-10-02T22:23:18Z
2025_11_CHI_MIN,401772880,58,ESPN BET,2.5,3.0,45.5,47.5,2026-10-02T22:23:18Z
2025_11_CIN_PIT,401772774,58,ESPN BET,5.5,5.5,50.5,47.5,2026-10-02T22:23:18Z
2025_11_DAL_LV,401772819,58,ESPN BET,-3.5,-3.5,49.5,48.5,2026-10-02T22:23:18Z
2025_11_DET_PHI,401772928,58,ESPN BET,1.5,2.5,47.5,45.5,2026-10-02T22:23:18Z
2025_11_GB_NYG,401772883,58,ESPN BET,-7.5,-7.5,44.5,42.5,2026-10-02T22:23:18Z
2025_11_HOU_TEN,401772881,58,ESPN BET,-7.5,-5.5,38.5,37.5,2026-10-02T22:23:18Z
2025_11_KC_DEN,401772778,58,ESPN BET,-3.5,-4.5,44.5,45.5,2026-10-02T22:23:18Z
2025_11_LAC_JAX,401772775,58,ESPN BET,-1.5,-2.5,44.5,42.5,2026-10-02T22:23:18Z
2025_11_NYJ_NE,401772945,58,ESPN BET,10.5,12.5,44.5,42.5,2026-10-02T22:23:18Z
2025_11_SEA_LA,401772884,58,ESPN BET,2.5,3.5,48.5,49.5,2026-10-02T22:23:18Z
2025_11_SF_ARI,401772885,58,ESPN BET,-2.5,-3.5,47.5,48.5,2026-10-02T22:23:18Z
2025_11_TB_BUF,401772776,58,ESPN BET,5.5,6.5,50.5,44.5,2026-10-02T22:23:18Z
2025_11_WAS_MIA,401772631,58,ESPN BET,2.5,2.5,47.5,46.5,2026-10-02T22:23:18Z
2025_12_ATL_NO,401772889,58,ESPN BET,-3.0,1.5,40.5,40.5,2026-10-02T22:23:18Z
2025_12_BUF_HOU,401772946,58,ESPN BET,-3.5,-4.5,44.5,44.5,2026-10-02T22:23:18Z
2025_12_CAR_SF,401772820,100,Draft Kings,7.0,7.0,49.5,48.5,2026-10-02T22:23:18Z
2025_12_CLE_LV,401772784,58,ESPN BET,3.0,3.5,37.5,36.5,2026-10-02T22:23:18Z
2025_12_IND_KC,401772779,58,ESPN BET,3.5,4.5,50.5,49.5,2026-10-02T22:23:18Z
2025_12_JAX_ARI,401772783,58,ESPN BET,-2.5,-1.5,47.5,46.5,2026-10-02T22:23:18Z
2025_12_MIN_GB,401772887,58,ESPN BET,6.0,6.5,42.5,41.5,2026-10-02T22:23:18Z
2025_12_NE_CIN,401772781,58,ESPN BET,-5.5,-7.5,50.5,50.5,2026-10-02T22:23:18Z
2025_12_NYG_DET,401772888,58,ESPN BET,11.5,14.5,50.5,50.5,2026-10-02T22:23:18Z
2025_12_NYJ_BAL,401772782,58,ESPN BET,14.5,14.5,44.5,44.5,2026-10-02T22:23:18Z
2025_12_PHI_DAL,401772890,58,ESPN BET,-4.0,-2.5,51.5,48.5,2026-10-02T22:23:18Z
2025_12_PIT_CHI,401772780,58,ESPN BET,3.0,2.5,45.5,47.5,2026-10-02T22:23:18Z
2025_12_SEA_TEN,401772886,58,ESPN BET,-12.5,-11.5,42.5,41.5,2026-10-02T22:23:18Z
2025_12_TB_LA,401772929,58,ESPN BET,6.5,7.5,49.5,50.5,2026-10-02T22:23:18Z
2025_13_ARI_TB,401772895,100,Draft Kings,3.0,4.5,44.5,45.5,2026-10-02T22:23:18Z
2025_13_ATL_NYJ,401772893,100,Draft Kings,-3.0,-3.0,38.5,38.5,2026-10-02T22:23:18Z
2025_13_BUF_PIT,401772789,100,Draft Kings,-3.0,-3.0,46.5,44.5,2026-10-02T22:23:18Z
2025_13_CHI_PHI,401772621,100,Draft Kings,6.5,7.0,43.5,43.5,2026-10-02T22:23:18Z
2025_13_CIN_BAL,401772930,100,Draft Kings,6.5,7.0,52.5,52.5,2026-10-02T22:23:18Z
2025_13_DEN_WAS,401772931,100,Draft Kings,-6.0,-6.5,,,2026-10-02T22:23:18Z
2025_13_GB_DET,401772891,58,ESPN BET,3.0,3.0,49.5,47.5,2026-10-02T22:23:18Z
2025_13_HOU_IND,401772787,100,Draft Kings,3.5,3.0,,,2026-10-02T22:23:18Z
2025_13_JAX_TEN,401772786,100,Draft Kings,-6.0,-6.0,41.5,42.5,2026-10-02T22:23:18Z
2025_13_KC_DAL,401772694,58,ESPN BET,-4.5,-3.5,52.5,52.5,2026-10-02T22:23:18Z
2025_13_LA_CAR,401772894,100,Draft Kings,-10.5,-10.0,45.5,44.5,2026-10-02T22:23:18Z
2025_13_LV_LAC,401772788,100,Draft Kings,9.5,9.5,41.5,40.5,2026-10-02T22:23:18Z
2025_13_MIN_SEA,401772896,100,Draft Kings,10.5,12.5,41.5,42.5,2026-10-02T22:23:18Z
2025_13_NO_MIA,401772892,58,ESPN BET,5.5,5.5,42.5,41.5,2026-10-02T22:23:18Z
2025_13_NYG_NE,401772821,100,Draft Kings,7.0,7.0,46.5,46.5,2026-10-02T22:23:18Z
2025_13_SF_CLE,401772785,100,Draft Kings,-6.0,-5.5,39.5,35.5,2026-10-02T22:23:18Z
2025_14_CHI_GB,401772897,100,Draft Kings,7.0,6.5,46.5,44.5,2026-10-02T22:23:18Z
2025_14_CIN_BUF,401772902,100,Draft Kings,6.5,6.0,53.5,54.5,2026-10-02T22:23:18Z
2025_14_DAL_DET,401772947,100,Draft Kings,3.5,3.5,54.5,55.5,2026-10-02T22:23:18Z
2025_14_DEN_LV,401772794,100,Draft Kings,-7.5,-8.5,40.5,40.5,2026-10-02T22:23:18Z
2025_14_HOU_KC,401772932,100,Draft Kings,5.5,4.5,43.5,41.5,2026-10-02T22:23:18Z
2025_14_IND_JAX,401772793,100,Draft Kings,-2.5,-2.5,49.5,44.5,2026-10-02T22:23:18Z
2025_14_LA_ARI,401772901,100,Draft Kings,-7.5,-9.5,48.5,49.5,2026-10-02T22:23:18Z
2025_14_MIA_NYJ,401772790,100,Draft Kings,-2.5,-2.5,41.5,41.5,2026-10-02T22:23:18Z
2025_14_NO_TB,401772792,100,Draft Kings,8.5,7.5,42.5,41.5,2026-10-02T22:23:18Z
2025_14_PHI_LAC,401772822,100,Draft Kings,-1.5,-1.5,42.5,41.5,2026-10-02T22:23:18Z
2025_14_PIT_BAL,401772791,100,Draft Kings,7.0,5.5,45.5,43.5,2026-10-02T22:23:18Z
2025_14_SEA_ATL,401772900,100,Draft Kings,-7.5,-7.0,44.5,44.5,2026-10-02T22:23:18Z
2025_14_TEN_CLE,401772898,100,Draft Kings,4.5,4.5,34.5,33.5,2026-10-02T22:23:18Z
2025_14_WAS_MIN,401772899,100,Draft Kings,1.5,1.5,42.5,43.5,2026-10-02T22:23:18Z
2025_15_ARI_HOU,401772903,100,Draft Kings,7.0,10.5,42.5,42.5,2026-10-02T22:23:18Z
2025_15_ATL_TB,401772948,100,Draft Kings,5.5,6.0,44.5,43.5,2026-10-02T22:23:18Z
2025_15_BAL_CIN,401772796,100,Draft Kings,-3.0,-2.5,51.5,51.5,2026-10-02T22:23:18Z
2025_15_BUF_NE,401772795,100,Draft Kings,-1.5,-2.5,48.5,49.5,2026-10-02T22:23:18Z
2025_15_CAR_NO,401772908,100,Draft Kings,-2.5,-2.5,39.5,41.5,2026-10-02T22:23:18Z
2025_15_CLE_CHI,401772904,100,Draft Kings,7.0,7.5,40.5,38.5,2026-10-02T22:23:18Z
2025_15_DET_LA,401772909,100,Draft Kings,4.5,5.5,50.5,54.5,2026-10-02T22:23:18Z
2025_15_GB_DEN,401772800,100,Draft Kings,-1.5,-1.5,42.5,42.5,2026-10-02T22:23:18Z
2025_15_IND_SEA,401772799,100,Draft Kings,3.5,12.5,46.5,41.5,2026-10-02T22:23:18Z
2025_15_LAC_KC,401772798,100,Draft Kings,5.5,5.5,44.5,41.5,2026-10-02T22:23:18Z
2025_15_LV_PHI,401772906,100,Draft Kings,12.5,12.5,40.5,36.5,2026-10-02T22:23:18Z
2025_15_MIA_PIT,401772823,100,Draft Kings,3.0,3.0,43.5,43.5,2026-10-02T22:23:18Z
2025_15_MIN_DAL,401772933,100,Draft Kings,7.5,5.5,47.5,47.5,2026-10-02T22:23:18Z
2025_15_NYJ_JAX,401772797,100,Draft Kings,9.5,13.5,43.5,40.5,2026-10-02T22:23:18Z
2025_15_TEN_SF,401772907,100,Draft Kings,12.5,12.5,44.5,44.5,2026-10-02T22:23:18Z
2025_15_WAS_NYG,401772905,100,Draft Kings,-1.5,3.0,47.5,45.5,2026-10-02T22:23:18Z
2025_16_ATL_ARI,401772914,100,Draft Kings,1.5,-2.5,46.5,48.5,2026-10-02T22:23:18Z
2025_16_BUF_CLE,401772802,100,Draft Kings,-8.5,-10.5,42.5,41.5,2026-10-02T22:23:18Z
2025_16_CIN_MIA,401772934,100,Draft Kings,-1.5,-3.5,50.5,48.5,2026-10-02T22:23:18Z
2025_16_GB_CHI,401772613,100,Draft Kings,-3.0,1.5,46.5,44.5,2026-10-02T22:23:18Z
2025_16_JAX_DEN,401772913,100,Draft Kings,2.5,3.5,43.5,46.5,2026-10-02T22:23:18Z
2025_16_KC_TEN,401772803,100,Draft Kings,-11.5,-3.5,41.5,37.5,2026-10-02T22:23:18Z
2025_16_LAC_DAL,401772910,100,Draft Kings,1.5,1.5,48.5,50.5,2026-10-02T22:23:18Z
2025_16_LA_SEA,401772949,100,Draft Kings,1.5,1.5,47.5,42.5,2026-10-02T22:23:18Z
2025_16_LV_HOU,401772805,100,Draft Kings,12.5,14.5,37.5,39.5,2026-10-02T22:23:18Z
2025_16_MIN_NYG,401772911,100,Draft Kings,-1.5,-2.5,43.5,41.5,2026-10-02T22:23:18Z
2025_16_NE_BAL,401772804,100,Draft Kings,2.5,3.5,48.5,47.5,2026-10-02T22:23:18Z
2025_16_NYJ_NO,401772801,100,Draft Kings,3.5,7.0,40.5,39.5,2026-10-02T22:23:18Z
2025_16_PHI_WAS,401772612,100,Draft Kings,-5.5,-7.0,45.5,43.5,2026-10-02T22:23:18Z
2025_16_PIT_DET,401772806,100,Draft Kings,6.5,7.5,49.5,52.5,2026-10-02T22:23:18Z
2025_16_SF_IND,401772824,100,Draft Kings,-5.5,-4.5,45.5,46.5,2026-10-02T22:23:18Z
2025_16_TB_CAR,401772912,100,Draft Kings,-1.5,-3.0,45.5,44.5,2026-10-02T22:23:18Z
2025_17_ARI_CIN,401772954,100,Draft Kings,5.5,7.0,51.5,53.5,2026-10-02T22:23:18Z
2025_17_BAL_GB,401772953,100,Draft Kings,2.5,2.5,46.5,37.5,2026-10-02T22:23:18Z
2025_17_CHI_SF,401772935,100,Draft Kings,3.0,4.5,50.5,51.5,2026-10-02T22:23:18Z
2025_17_DAL_WAS,401772710,100,Draft Kings,-3.0,-8.5,51.5,50.5,2026-10-02T22:23:18Z
2025_17_DEN_KC,401772622,100,Draft Kings,-5.5,-13.5,39.5,37.5,2026-10-02T22:23:18Z
2025_17_DET_MIN,401772711,100,Draft Kings,-3.5,-7.5,48.5,45.5,2026-10-02T22:23:18Z
2025_17_HOU_LAC,401772951,100,Draft Kings,-1.5,1.5,39.5,40.5,2026-10-02T22:23:18Z
2025_17_JAX_IND,401772915,100,Draft Kings,-5.5,-4.5,44.5,48.5,2026-10-02T22:23:18Z
2025_17_LA_ATL,401772825,100,Draft Kings,-8.5,-7.5,48.5,48.5,2026-10-02T22:23:18Z
2025_17_NE_NYJ,401772808,100,Draft Kings,-9.5,-12.5,44.5,42.5,2026-10-02T22:23:18Z
2025_17_NO_TEN,401772809,100,Draft Kings,-1.5,-1.5,39.5,38.5,2026-10-02T22:23:18Z
2025_17_NYG_LV,401772950,100,Draft Kings,-3.0,-3.0,43.5,40.5,2026-10-02T22:23:18Z
2025_17_PHI_BUF,401772917,100,Draft Kings,3.0,3.5,46.5,45.5,2026-10-02T22:23:18Z
2025_17_PIT_CLE,401772807,100,Draft Kings,-3.5,-3.5,35.5,34.5,2026-10-02T22:23:18Z
2025_17_SEA_CAR,401772952,100,Draft Kings,-7.5,-6.5,42.5,42.5,2026-10-02T22:23:18Z
2025_17_TB_MIA,401772916,100,Draft Kings,-3.0,-5.5,46.5,44.5,2026-10-02T22:23:18Z
2025_18_ARI_LA,401772955,100,Draft Kings,8.5,14.5,45.5,49.5,2026-10-02T22:23:18Z
2025_18_BAL_PIT,401772960,100,Draft Kings,-3.0,-4.5,43.5,41.5,2026-10-02T22:23:18Z
2025_18_CAR_TB,401772969,100,Draft Kings,3.5,3.0,45.5,42.5,2026-10-02T22:23:18Z
2025_18_CLE_CIN,401772964,100,Draft Kings,7.0,8.5,44.5,47.5,2026-10-02T22:23:18Z
2025_18_DAL_NYG,401772963,100,Draft Kings,-4.5,-3.0,52.5,50.5,2026-10-02T22:23:18Z
2025_18_DET_CHI,401772965,100,Draft Kings,-1.5,3.0,50.5,51.5,2026-10-02T22:23:18Z
2025_18_GB_MIN,401772968,100,Draft Kings,6.5,13.5,37.5,37.5,2026-10-02T22:23:18Z
2025_18_IND_HOU,401772962,100,Draft Kings,9.5,9.5,40.5,37.5,2026-10-02T22:23:18Z
2025_18_KC_LV,401772957,100,Draft Kings,-5.5,-3.5,35.5,35.5,2026-10-02T22:23:18Z
2025_18_LAC_DEN,401772956,100,Draft Kings,10.0,15.5,38.5,37.5,2026-10-02T22:23:18Z
2025_18_MIA_NE,401772958,100,Draft Kings,10.5,14.5,46.5,43.5,2026-10-02T22:23:18Z
2025_18_NO_ATL,401772966,100,Draft Kings,3.0,3.5,42.5,43.5,2026-10-02T22:23:18Z
2025_18_NYJ_BUF,401772967,100,Draft Kings,12.5,13.5,39.5,39.5,2026-10-02T22:23:18Z
2025_18_SEA_SF,401772961,100,Draft Kings,-1.5,-2.5,49.5,48.5,2026-10-02T22:23:18Z
2025_18_TEN_JAX,401772970,100,Draft Kings,10.0,13.5,45.5,46.5,2026-10-02T22:23:18Z
2025_18_WAS_PHI,401772959,100,Draft Kings,7.5,3.0,42.5,38.5,2026-10-02T22:23:18Z
2025_19_BUF_JAX,401772977,100,Draft Kings,-1.5,1.5,51.5,51.5,2026-10-02T22:23:18Z
2025_19_GB_CHI,401772981,100,Draft Kings,-1.5,-1.5,46.5,46.5,2026-10-02T22:23:18Z
2025_19_HOU_PIT,401772976,100,Draft Kings,-2.5,-3.0,39.5,38.5,2026-10-02T22:23:18Z
2025_19_LAC_NE,401772978,100,Draft Kings,3.5,3.5,45.5,45.5,2026-10-02T22:23:18Z
2025_19_LA_CAR,401772979,100,Draft Kings,-10.0,-10.0,46.5,44.5,2026-10-02T22:23:18Z
2025_19_SF_PHI,401772980,100,Draft Kings,3.0,5.5,46.5,44.5,2026-10-02T22:23:18Z
2025_20_BUF_DEN,401772982,100,Draft Kings,1.5,1.5,46.5,45.5,2026-10-02T22:23:18Z
2025_20_HOU_NE,401772983,100,Draft Kings,3.0,3.0,41.5,40.5,2026-10-02T22:23:18Z
2025_20_LA_CHI,401772985,100,Draft Kings,-4.5,-3.5,51.5,49.5,2026-10-02T22:23:18Z
2025_20_SF_SEA,401772984,100,Draft Kings,7.0,7.0,46.5,44.5,2026-10-02T22:23:18Z
2025_21_LA_SEA,401772987,100,Draft Kings,1.5,2.5,47.5,45.5,2026-10-02T22:23:18Z
2025_21_NE_DEN,401772986,100,Draft Kings,-4.5,-3.5,41.5,43.5,2026-10-02T22:23:18Z
2025_22_SEA_NE,401772988,100,Draft Kings,-3.5,-4.5,46.5,45.5,2026-10-02T22:23:18Z
2026_01_ARI_LAC,401872926,100,Draft Kings,11.5,8.5,45.5,47.5,2026-10-02T22:23:18Z
2026_01_ATL_PIT,401872658,100,Draft Kings,3.0,6.5,42.5,40.5,2026-10-02T22:23:18Z
2026_01_BAL_IND,401872659,100,Draft Kings,-3.5,-3.0,49.5,48.5,2026-10-02T22:23:18Z
2026_01_BUF_HOU,401872660,100,Draft Kings,-1.5,-1.5,45.5,44.5,2026-10-02T22:23:18Z
2026_01_CHI_CAR,401872661,100,Draft Kings,-2.5,-3.0,44.5,47.5,2026-10-02T22:23:18Z
2026_01_CLE_JAX,401872922,100,Draft Kings,7.0,8.5,40.5,40.5,2026-10-02T22:23:18Z
2026_01_DAL_NYG,401872930,100,Draft Kings,-2.5,-3.0,48.5,47.5,2026-10-02T22:23:18Z
2026_01_DEN_KC,401872931,100,Draft Kings,2.5,2.5,42.5,42.5,2026-10-02T22:23:18Z
2026_01_GB_MIN,401872927,100,Draft Kings,-1.5,2.5,44.5,46.5,2026-10-02T22:23:18Z
2026_01_MIA_LV,401872928,100,Draft Kings,3.0,3.0,41.5,40.5,2026-10-02T22:23:18Z
2026_01_NE_SEA,401872656,100,Draft Kings,3.5,3.0,44.5,44.5,2026-10-02T22:23:18Z
2026_01_NO_DET,401872923,100,Draft Kings,7.0,7.0,48.5,49.5,2026-10-02T22:23:18Z
2026_01_NYJ_TEN,401872924,100,Draft Kings,3.0,1.5,39.5,39.5,2026-10-02T22:23:18Z
2026_01_SF_LA,401872657,100,Draft Kings,2.5,3.5,48.5,47.5,2026-10-02T22:23:18Z
2026_01_TB_CIN,401872925,100,Draft Kings,3.5,3.5,50.5,50.5,2026-10-02T22:23:18Z
2026_01_WAS_PHI,401872929,100,Draft Kings,5.5,6.0,46.5,43.5,2026-10-02T22:23:18Z
2026_02_CAR_ATL,401872933,100,Draft Kings,1.5,-2.5,43.5,43.5,2026-10-02T22:23:18Z
2026_02_CIN_HOU,401872934,100,Draft Kings,2.5,3.0,46.5,45.5,2026-10-02T22:23:18Z
2026_02_CLE_TB,401872935,100,Draft Kings,5.5,8.5,42.5,41.5,2026-10-02T22:23:18Z
2026_02_DET_BUF,401872932,100,Draft Kings,3.0,5.5,52.5,54.5,2026-10-02T22:23:18Z
2026_02_GB_NYJ,401872936,100,Draft Kings,-6.5,-3.5,42.5,44.5,2026-10-02T22:23:18Z
2026_02_IND_KC,401872945,100,Draft Kings,5.5,6.0,47.5,46.5,2026-10-02T22:23:18Z
2026_02_JAX_DEN,401872940,100,Draft Kings,2.5,2.5,44.5,45.5,2026-10-02T22:23:18Z
2026_02_LV_LAC,401872941,100,Draft Kings,8.5,6.5,42.5,43.5,2026-10-02T22:23:18Z
2026_02_MIA_SF,401872942,100,Draft Kings,10.5,12.5,46.5,44.5,2026-10-02T22:23:18Z
2026_02_MIN_CHI,401872937,100,Draft Kings,3.5,4.5,45.5,46.5,2026-10-02T22:23:18Z
2026_02_NO_BAL,401872938,100,Draft Kings,7.5,8.5,46.5,45.5,2026-10-02T22:23:18Z
2026_02_NYG_LA,401872947,100,Draft Kings,8.5,7.0,47.5,47.5,2026-10-02T22:23:18Z
2026_02_PHI_TEN,401872939,100,Draft Kings,-4.5,-7.0,42.5,39.5,2026-10-02T22:23:18Z
2026_02_PIT_NE,401872946,100,Draft Kings,4.5,4.5,43.5,41.5,2026-10-02T22:23:18Z
2026_02_SEA_ARI,401872943,100,Draft Kings,-10.0,-3.5,44.5,40.5,2026-10-02T22:23:18Z
2026_02_WAS_DAL,401872944,100,Draft Kings,4.5,4.5,51.5,51.5,2026-10-02T22:23:18Z
2026_03_ARI_SF,401872958,100,Draft Kings,11.5,7.5,46.5,48.5,2026-10-02T22:23:18Z
2026_03_ATL_GB,401872948,100,Draft Kings,7.5,4.5,46.5,43.5,2026-10-02T22:23:18Z
2026_03_BAL_DAL,401872960,100,Draft Kings,-2.5,-3.0,52.5,54.5,2026-10-02T22:23:18Z
2026_03_CAR_CLE,401872949,100,Draft Kings,-1.5,-2.5,39.5,41.5,2026-10-02T22:23:18Z
2026_03_CIN_PIT,401872950,100,Draft Kings,-1.5,-3.5,47.5,42.5,2026-10-02T22:23:18Z
2026_03_HOU_IND,401872951,100,Draft Kings,-1.5,-1.5,45.5,42.5,2026-10-02T22:23:18Z
2026_03_KC_MIA,401872952,100,Draft Kings,-7.0,-10.0,44.5,45.5,2026-10-02T22:23:18Z
2026_03_LAC_BUF,401872953,100,Draft Kings,2.5,7.0,48.5,50.5,2026-10-02T22:23:18Z
2026_03_LA_DEN,401872962,100,Draft Kings,-2.5,1.5,45.5,44.5,2026-10-02T22:23:18Z
2026_03_LV_NO,401872961,100,Draft Kings,3.0,3.5,42.5,44.5,2026-10-02T22:23:18Z
2026_03_MIN_TB,401872959,100,Draft Kings,1.5,1.5,43.5,42.5,2026-10-02T22:23:18Z
2026_03_NE_JAX,401872957,100,Draft Kings,1.5,3.0,45.5,46.5,2026-10-02T22:23:18Z
2026_03_NYJ_DET,401872954,100,Draft Kings,9.5,7.0,44.5,49.5,2026-10-02T22:23:18Z
2026_03_PHI_CHI,401872963,100,Draft Kings,1.5,-3.0,46.5,42.5,2026-10-02T22:23:18Z
2026_03_SEA_WAS,401872955,100,Draft Kings,-3.5,-8.5,46.5,40.5,2026-10-02T22:23:18Z
2026_03_TEN_NYG,401872956,100,Draft Kings,3.0,2.5,45.5,37.5,2026-10-02T22:23:18Z
2026_04_IND_WAS,401872965,100,Draft Kings,1.5,-4.5,48.5,46.5,2026-10-04T18:52:29Z
2026_04_PIT_CLE,401872964,100,Draft Kings,-2.5,-2.5,40.5,38.5,2026-10-02T22:23:18Z
